Column1,df_apt_idx,BLDID_ID,PNU,LA,LO,법정동,주번_부,cust_each_,_1,_2,NUMPOINTS,age,cell_count,possible_chr_count,chr_count,sale,household,parking_space,point_count2
"749","899","4540",4146510000000000000.000000000000000,37.322481510000003,127.090919299999996,경기도 용인시 수지구 풍덕천동,"10650001",16.263999999999999,용인수지 신정마을1단지,,0.000000000000000,0,0,0,0,0,0,0,0
"750","900","10631",4146510000000000000.000000000000000,37.319825440000002,127.091924500000005,경기도 용인시 수지구 풍덕천동,"11040000",1959.921000000000049,용인수지 신정마을9단지,,4617.739999999998872,86.9580727047775,11,15,2,6.7,812,814,1
"751","901","10631",4146510000000000000.000000000000000,37.320301280000002,127.091550900000001,경기도 용인시 수지구 풍덕천동,"11040001",1272.934999999999945,용인수지 신정마을10단지,,0.000000000000000,0,0,0,0,0,0,0,0
"752","902","6945",4146510000000000000.000000000000000,37.318196950000001,127.090533199999996,경기도 용인시 수지구 풍덕천동,"11120000",1430.173000000000002,신정마을8단지현대성우아파트,,6312.711999999998625,110.481830434084,14,24,0,7.2,1239,1296,1
"753","903","7274",4146510000000000000.000000000000000,37.315387989999998,127.083037800000000,경기도 용인시 수지구 풍덕천동,"11830000",1841.046000000000049,정자뜰마을 태영 데시앙1차 아파트,,4552.355000000000473,74.460492750714,8,12,0,9.5,648,661,1
"754","904","12051",4146510000000000000.000000000000000,37.314350760000004,127.082405399999999,경기도 용인시 수지구 풍덕천동,"11860000",1410.964999999999918,정자뜰마을태영데시앙2차아파트,,1083.248000000000047,29.6825456106348,3,3,0,9.5,249,249,1
"755","905","17328",4146510000000000000.000000000000000,37.314753039999999,127.093850700000004,경기도 용인시 수지구 풍덕천동,"11910000",409.742999999999995,수지진산마을푸르지오,,2643.791999999999916,45.3117271810545,6,9,0,10.5,438,525,1
"756","906","19139",4146510000000000000.000000000000000,37.315659609999997,127.085000600000001,경기도 용인시 수지구 풍덕천동,"12090000",7313.466999999999643,e편한세상 수지,,5686.601999999999862,109.553379358753,13,26,0,11,1237,1388,1
"757","907","47453",4146510000000000000.000000000000000,37.327835649999997,127.082849999999993,경기도 용인시 수지구 풍덕천동,"12380000",160.949999999999989,수지광교산아이파크,,487.161999999999921,107.442725756817,12,0,0,0,0,0,0
"758","908","780",4146510000000000000.000000000000000,37.316313630000003,127.087547499999999,경기도 용인시 수지구 풍덕천동,"2400003",1564.374000000000024,이스턴팰리스,,607.528999999999996,19.7265913209974,2,9,0,11,174,501,1
"759","909","777",4146510000000000000.000000000000000,37.317163010000002,127.086735000000004,경기도 용인시 수지구 풍덕천동,"5040010",2049.980000000000018,수지 에듀파크,,1909.792999999999893,34.9286576733181,4,4,1,6.8,279,283,1
"760","910","1750",4146510000000000000.000000000000000,37.323620030000001,127.093701300000006,경기도 용인시 수지구 풍덕천동,"6990000",1713.633000000000038,한국아파트,,1584.066000000000031,50.5781517937268,7,5,0,9.5,416,316,1
"761","911","27027",4146510000000000000.000000000000000,37.319785510000003,127.096196699999993,경기도 용인시 수지구 풍덕천동,"11650000",801.875000000000000,공동주택,샤르망오피스텔,752.287000000000035,17.6803972783309,2,0,0,0,0,0,0
"769","919","14161",4146510000000000000.000000000000000,37.326310919999997,127.078080000000000,경기도 용인시 수지구 신봉동,"8730000",1530.878999999999905,신봉마을엘지자이1차아파트,,12230.155999999995402,259.906272074832,29,61,30,7.4,1990,3106,1
"770","920","14187",4146510000000000000.000000000000000,37.324558080000003,127.081231200000005,경기도 용인시 수지구 신봉동,"8740000",155.925000000000011,서홍마을 한일아파트,,1296.586000000000013,28.1677243239512,5,5,2,6.9,296,303,1
"771","921","14185",4146510000000000000.000000000000000,37.324124169999997,127.082954099999995,경기도 용인시 수지구 신봉동,"8760000",344.113000000000000,서홍마을 벽산블루밍,,1303.285000000000082,37.3225638161292,4,3,5,6.8,246,248,1
"772","922","14189",4146510000000000000.000000000000000,37.323279489999997,127.081300299999995,경기도 용인시 수지구 신봉동,"8800000",468.341000000000008,서홍마을한화꿈에그린아파트,,2648.326000000000022,51.975188799899,6,7,2,6.9,404,407,1
"773","923","14190",4146510000000000000.000000000000000,37.320397730000003,127.081809600000000,경기도 용인시 수지구 신봉동,"8930000",3035.867999999999938,서홍마을효성화운트빌아파트,,3860.027000000000044,54.8957427544272,6,7,0,7.5,388,403,1
"774","924","14186",4146510000000000000.000000000000000,37.320031380000003,127.080805900000001,경기도 용인시 수지구 신봉동,"9050000",823.971000000000004,서홍마을우남퍼스트빌아파트,,2016.469000000000278,113.32264717468,12,15,10,6.5,962,841,1
"775","925","14343",4146510000000000000.000000000000000,37.328928810000001,127.074519400000000,경기도 용인시 수지구 신봉동,"9110000",2818.760000000000218,신봉마을자이2차아파트,,6013.476000000001477,251.204744772133,31,50,51,8.7,1626,2589,1
"776","926","14056",4146510000000000000.000000000000000,37.320978250000003,127.078513000000001,경기도 용인시 수지구 신봉동,"9120000",162.510999999999996,신봉마을 자이3차,,1795.038000000000466,59.022782233269,7,7,0,8,401,442,1
"780","930","14704",4146510000000000000.000000000000000,37.331010020000001,127.066752399999999,경기도 용인시 수지구 신봉동,"9490000",127.400999999999996,신봉마을 동부센트레빌 5단지,,1770.465000000000146,69.4878701370677,10,17,16,9.8,490,904,1
"781","931","14702",4146510000000000000.000000000000000,37.328318390000000,127.069925200000000,경기도 용인시 수지구 신봉동,"9590000",2281.409000000000106,신봉마을 용인신봉 센트레빌 1단지,,1079.430000000000064,55.1091271815149,7,4,5,9.4,298,267,1
"782","932","18097",4146510000000000000.000000000000000,37.327694579999999,127.071038299999998,경기도 용인시 수지구 신봉동,"9600000",2479.800000000000182,광교산자이,,1501.265999999999849,66.3189084223956,7,10,12,8.7,445,581,1
"783","933","40356",4146510000000000000.000000000000000,37.328187790000001,127.067419700000002,경기도 용인시 수지구 신봉동,"9650000",311.259999999999991,신봉동 동도센트리움,,180.754000000000019,10.7340431048719,2,3,6,7.45,184,202,1
"784","934","40197",4146510000000000000.000000000000000,37.327296850000003,127.068512100000007,경기도 용인시 수지구 신봉동,"9710003",19.158000000000001,공동주택,에버하임,0.000000000000000,0,0,0,0,0,0,0,0
"785","935","8783",4146510000000000000.000000000000000,37.328855609999998,127.065283100000002,경기도 용인시 수지구 신봉동,"9760000",2731.086999999999989,신봉마을 동일하이빌4단지,,3212.402000000000498,113.117760897785,12,23,19,9.6,636,1219,1
"786","937","6717",4146510000000000000.000000000000000,37.326251689999999,127.065996499999997,경기도 용인시 수지구 신봉동,"9850000",1029.660000000000082,신봉마을동일하이빌3단지,,4085.368000000000393,105.692120101428,12,21,11,9,594,1138,1
"787","938","8779",4146510000000000000.000000000000000,37.325870150000000,127.068373300000005,경기도 용인시 수지구 신봉동,"9870000",3074.172999999999774,신봉마을 동일하이빌 2단지,,2613.146000000000186,55.4415010250596,6,7,4,9.55,232,434,1
"788","939","19412",4146510000000000000.000000000000000,37.335227420000002,127.056282800000005,경기도 용인시 수지구 신봉동,"10240000",644.318999999999960,광교산 한양수자인 더킨포크,,458.290999999999997,24.0605808016427,3,5,2,6.3,294,345,1
"791","944","51910",4146510000000000000.000000000000000,37.333778019999997,127.051643799999994,경기도 용인시 수지구 신봉동,"6420008",3.764000000000000,광교산 포레스타,,3.764000000000000,7,1,0,0,0,0,0,0
"804","957","19370",4146510000000000000.000000000000000,37.328153290000003,127.074946999999995,경기도 용인시 수지구 신봉동,"9250000",1085.472999999999956,웰스톤시티,,1067.579999999999927,19.0377032176178,2,3,0,1.1,265,201,1
"805","958","32880",4146510000000000000.000000000000000,37.328466570000003,127.067771600000000,경기도 용인시 수지구 신봉동,"9640001",152.348000000000013,공동주택,진성프라자,0.000000000000000,0,0,0,0,0,0,0,0
"806","960","32880",4146510000000000000.000000000000000,37.328272620000000,127.067975500000003,경기도 용인시 수지구 신봉동,"9640003",130.506000000000000,공동주택,진성프라자,0.000000000000000,0,0,0,0,0,0,0,0
"807","962","13682",4146510000000000000.000000000000000,37.328528530000000,127.116537199999996,경기도 용인시 수지구 죽전동,"11150000",2560.353000000000065,도담마을 롯데캐슬,,598.772000000000048,29.1446345772903,4,5,3,8.5,231,316,1
"808","963","14104",4146510000000000000.000000000000000,37.325637329999999,127.116519499999995,경기도 용인시 수지구 죽전동,"11160000",921.110999999999990,도담마을 현대홈타운4차 1단지,,532.445000000000050,50.4193920682405,6,10,3,8.4,351,591,1
"809","964","12260",4146510000000000000.000000000000000,37.328869179999998,127.125890900000002,경기도 용인시 수지구 죽전동,"11190000",1446.026000000000067,내대지마을 죽전이편한세상,,165.550000000000011,8.13613409845968,1,0,0,0,0,0,0
"810","965","38863",4146510000000000000.000000000000000,37.329140680000002,127.126902000000001,경기도 용인시 수지구 죽전동,"12260000",1460.840999999999894,내대지마을주공2단지아파트,,1291.037000000000035,25.4054614514973,3,0,0,0,0,0,0
"811","966","19712",4146510000000000000.000000000000000,37.327416450000001,127.124319700000001,경기도 용인시 수지구 죽전동,"12330000",1231.074000000000069,성현마을주공3단지아파트,,1363.218000000000075,69.4807529717219,6,6,0,0,388,392,1
"812","967","8999",4146510000000000000.000000000000000,37.326961900000001,127.122139300000001,경기도 용인시 수지구 죽전동,"12350000",2828.204999999999927,성현마을반도유보라,,3570.627999999999702,104.98857256737,12,20,21,8.3,637,1087,1
"813","968","10175",4146510000000000000.000000000000000,37.325986159999999,127.119618700000004,경기도 용인시 수지구 죽전동,"12610000",2627.068000000000211,도담마을 우미이노스빌,,2591.184000000000196,43.572504773651,6,7,1,6.05,418,424,1
"814","969","8986",4146510000000000000.000000000000000,37.325165620000000,127.119006499999998,경기도 용인시 수지구 죽전동,"12620000",972.941000000000031,도담마을 한양수자인,,1225.873000000000047,30.1073089982136,3,5,2,6,332,347,1
"815","970","14276",4146510000000000000.000000000000000,37.324280190000003,127.116197600000007,경기도 용인시 수지구 죽전동,"12690000",677.359000000000037,꽃메마을 현대홈타운,,5068.076999999999316,41.0594902430357,4,4,3,7.5,254,266,1
"816","971","8716",4146510000000000000.000000000000000,37.324183210000001,127.114805300000000,경기도 용인시 수지구 죽전동,"12750000",870.693999999999960,도담마을푸르지오,,190.036000000000001,6.82432522270974,1,0,0,0,0,0,0
"817","972","19663",4146510000000000000.000000000000000,37.324996239999997,127.112902300000002,경기도 용인시 수지구 죽전동,"12790000",303.076999999999998,도담마을주공8단지아파트,,3747.043999999999869,48.5385924625634,6,11,0,5.85,643,641,1
"818","973","5217",4146510000000000000.000000000000000,37.322836819999999,127.114970999999997,경기도 용인시 수지구 죽전동,"13000000",250.431000000000012,꽃메마을금강아파트,,90.918999999999997,20.8118362989956,3,0,0,0,0,0,0
"824","979","8720",4146510000000000000.000000000000000,37.323329409999999,127.119493100000000,경기도 용인시 수지구 죽전동,"13060000",1578.049999999999955,꽃메마을 한라프로방스,,2680.653999999999996,21.9982981429834,3,5,3,8,195,343,1
"825","980","337",4146510000000000000.000000000000000,37.323944920000002,127.120679300000006,경기도 용인시 수지구 죽전동,"13070000",237.370000000000005,꽃메마을아이파크,,1837.745999999999640,60.4256961789313,6,11,5,8.1,374,621,1
"826","981","4126",4146510000000000000.000000000000000,37.322600530000003,127.121301000000003,경기도 용인시 수지구 죽전동,"13110000",822.509999999999991,꽃메마을극동스타클래스,,786.915000000000077,44.0580444569328,5,5,3,7.7,196,334,1
"827","982","8979",4146510000000000000.000000000000000,37.324998160000000,127.123389399999994,경기도 용인시 수지구 죽전동,"13290000",1409.769999999999982,공동주택,단대21드림하우스,1067.831000000000358,70.2028393332977,9,9,0,6.35,538,538,1
"828","983","53958",4146510000000000000.000000000000000,37.325576079999998,127.124911600000004,경기도 용인시 수지구 죽전동,"13420001",33.747999999999998,공동주택,단대21드림하우스,0.000000000000000,0,0,0,0,0,0,0,0
"829","984","34632",4146510000000000000.000000000000000,37.325118390000000,127.124831499999999,경기도 용인시 수지구 죽전동,"13420003",4.014000000000000,공동주택,단대타운오피스텔,0.000000000000000,0,0,0,0,0,0,0,0
"830","985","7364",4146510000000000000.000000000000000,37.326597569999997,127.112562800000006,경기도 용인시 수지구 죽전동,"14880000",318.735000000000014,죽전역 월드메르디앙,,297.110000000000014,19.472044469196,2,0,0,0,0,0,0
"834","989","6939",4146510000000000000.000000000000000,37.324742479999998,127.114525599999993,경기도 용인시 수지구 죽전동,"4140000",1145.635999999999967,도담마을7단지뜨리에체아파트,,1565.577999999999975,34.4832570691292,4,7,5,6.5,430,430,1
"835","991","46067",4146510000000000000.000000000000000,37.326098889999997,127.114953400000005,경기도 용인시 수지구 죽전동,"4290002",137.435000000000002,청담그랑쥬테아파트,,0.000000000000000,0,0,0,0,0,0,0,0
"836","992","51428",4146510000000000000.000000000000000,37.327549560000001,127.113546700000001,경기도 용인시 수지구 죽전동,"10880002",197.760999999999996,죽전역 솔하임,,4.409000000000000,6,1,2,0,3.5,234,170,1
"837","993","32863",4146510000000000000.000000000000000,37.326124520000000,127.125603999999996,경기도 용인시 수지구 죽전동,"13450002",43.625999999999998,공동주택,RED ZONE,0.000000000000000,0,0,0,0,0,0,0,0
"838","994","536",4146510000000000000.000000000000000,37.327593360000002,127.116249400000001,경기도 용인시 수지구 죽전동,"3390000",3075.702000000000226,도담마을죽전파크빌,,3335.318000000000211,39.20538007876,5,7,0,5.85,561,440,1
"839","995","32554",4146510000000000000.000000000000000,37.326437919999996,127.117664199999993,경기도 용인시 수지구 죽전동,"3470007",165.906000000000006,공동주택,시즌트윈빌 1동,165.906000000000006,11,1,0,0,0,0,0,0
"840","996","32554",4146510000000000000.000000000000000,37.326496390000003,127.117504499999995,경기도 용인시 수지구 죽전동,"3470009",165.906000000000006,공동주택,시즌트윈스오피스텔,0.000000000000000,0,0,0,0,0,0,0,0
"841","997","70884",4146510000000000000.000000000000000,37.326319650000002,127.115001699999993,경기도 용인시 수지구 죽전동,"4270001",95.183999999999997,공동주택,빌라드죽전오피스텔,0.000000000000000,0,0,0,0,0,0,0,0
"842","998","70884",4146510000000000000.000000000000000,37.326375409999997,127.115121900000005,경기도 용인시 수지구 죽전동,"4270003",95.183999999999997,공동주택,빌라드죽전오피스텔,0.000000000000000,0,0,0,0,0,0,0,0
"843","999","70885",4146510000000000000.000000000000000,37.326610950000003,127.113444000000001,경기도 용인시 수지구 죽전동,"4720006",2074.498000000000047,공동주택,빌라드죽전오피스텔,0.000000000000000,0,0,0,0,0,0,0,0
"844","1000","47132",4146510000000000000.000000000000000,37.328017180000003,127.114174700000007,경기도 용인시 수지구 죽전동,"4840012",1288.016000000000076,공동주택,죽전위드어반오피스텔,50.180999999999997,10.2870010561766,1,0,0,0,0,0,0
"845","1001","9490",4146510000000000000.000000000000000,37.328824820000001,127.110898399999996,경기도 용인시 수지구 죽전동,"10030060",1177.200000000000045,현암마을 대우넷시빌아파트,,1079.460000000000036,9.53658866470273,1,0,0,0,0,0,0
"848","1004","13191",4146510000000000000.000000000000000,37.337221720000002,127.106148899999994,경기도 용인시 수지구 죽전동,"11110000",2049.764999999999873,창죽마을 벽산첼시빌아파트,,705.220000000000027,38.5731744760484,5,6,4,13.5,179,364,1
"853","1009","26974",4146510000000000000.000000000000000,37.333638450000002,127.105716099999995,경기도 용인시 수지구 죽전동,"14810000",325.860999999999990,창죽마을 월드메르디앙,,8.538000000000000,5,1,0,0,0,0,0,0
"854","1010","40033",4146510000000000000.000000000000000,37.331130129999998,127.109870900000004,경기도 용인시 수지구 죽전동,"14920000",507.041999999999973,용인 죽전 효성해링턴 플레이스,,477.113000000000000,15.9726388488092,2,0,0,0,0,0,0
"855","1011","3167",4146510000000000000.000000000000000,37.330489110000002,127.110501700000000,경기도 용인시 수지구 죽전동,"5010000",625.157000000000039,동성1차아파트,,3667.980000000000473,101.197433026197,10,12,2,6.1,684,683,1
"856","1012","12704",4146510000000000000.000000000000000,37.336676769999997,127.105966400000000,경기도 용인시 수지구 죽전동,"8320000",2746.429999999999836,벽산타운1단지,,2598.937000000000353,75.2819662488536,9,9,11,7.65,612,508,1
"857","1013","12695",4146510000000000000.000000000000000,37.335611849999999,127.106015900000003,경기도 용인시 수지구 죽전동,"8320001",2275.295000000000073,용인수지벽산타운2단지,,1991.301999999999680,45.5153466736225,6,11,0,7.5,684,601,1
"858","1014","539",4146510000000000000.000000000000000,37.332281729999998,127.110245300000003,경기도 용인시 수지구 죽전동,"8830001",643.811000000000035,죽전 아이뷰,,1066.082999999999856,25.511632527396,3,8,10,7.2,432,471,1
"859","1015","12708",4146510000000000000.000000000000000,37.334445819999999,127.105226299999998,경기도 용인시 수지구 죽전동,"9520000",1677.202999999999975,블루밍벽산4단지아파트,,1274.392000000000053,57.5178404895786,6,9,6,7.55,465,519,1
"876","1033","64617",4146510000000000000.000000000000000,37.329498340000001,127.110661500000006,경기도 용인시 수지구 죽전동,"10030007",90.688000000000002,공동주택,죽전리베니움,0.000000000000000,0,0,0,0,0,0,0,0
"877","1034","64617",4146510000000000000.000000000000000,37.329527190000000,127.110858300000004,경기도 용인시 수지구 죽전동,"10030746",90.688000000000002,공동주택,죽전리베니움,78.280000000000001,9.63681655595299,1,0,0,0,0,0,0
"878","1035","64617",4146510000000000000.000000000000000,37.329527919999997,127.111148499999999,경기도 용인시 수지구 죽전동,"10030747",90.688000000000002,공동주택,죽전리베니움,0.000000000000000,0,0,0,0,0,0,0,0
"879","1036","73087",4146510000000000000.000000000000000,37.334861629999999,127.108398100000002,경기도 용인시 수지구 죽전동,"14930000",1352.568999999999960,공동주택,LH 청년나래家,62.511000000000003,5.18049623266305,1,0,0,0,0,0,0
"884","1041","1748",4146510000000000000.000000000000000,37.341613109999997,127.100224499999996,경기도 용인시 수지구 동천동,"1760001",1309.078999999999951,용인수지2차풍림아파트,,3335.543000000000120,31.2505317964499,3,4,3,5.9,271,273,1
"885","1042","10384",4146510000000000000.000000000000000,37.342297819999999,127.099896299999997,경기도 용인시 수지구 동천동,"1770012",1375.970000000000027,행림마을진로아파트,,834.026000000000181,11.3211422283516,2,4,2,6.5,269,272,1
"886","1043","30622",4146510000000000000.000000000000000,37.340408400000001,127.101774500000005,경기도 용인시 수지구 동천동,"1850011",159.596000000000004,공동주택,루체스타,143.994000000000000,8.67894495603984,1,0,0,0,0,0,0
"887","1044","28706",4146510000000000000.000000000000000,37.339666260000001,127.100528100000005,경기도 용인시 수지구 동천동,"3250037",191.677999999999997,플러스빌아파트,,0.000000000000000,0,0,0,0,0,0,0,0
"888","1045","63785",4146510000000000000.000000000000000,37.339947490000000,127.100968399999999,경기도 용인시 수지구 동천동,"3250007",104.462000000000003,공동주택,더하우스오피스텔,0.000000000000000,0,0,0,0,0,0,0,0
"889","1046","13651",4146510000000000000.000000000000000,37.338219230000000,127.093634899999998,경기도 용인시 수지구 동천동,"8580000",2467.739999999999782,동문굿모닝힐3차아파트,,2076.516000000000076,10.4107129441815,1,4,0,7,181,265,1
"890","1047","13653",4146510000000000000.000000000000000,37.339847839999997,127.098971000000006,경기도 용인시 수지구 동천동,"8590000",1055.353000000000065,동천마을현대홈타운아파트,,1782.833999999999833,68.8910968290012,8,8,2,10.55,466,472,1
"891","1049","765",4146510000000000000.000000000000000,37.338711799999999,127.095963200000000,경기도 용인시 수지구 동천동,"8620000",4707.296999999999571,동천마을현대2차홈타운,,11195.783999999997832,115.006572048605,13,21,4,8.72,1128,1126,1
"892","1050","14182",4146510000000000000.000000000000000,37.336951659999997,127.093854300000004,경기도 용인시 수지구 동천동,"8640000",939.198999999999955,수진마을써니벨리아파트,,2822.188000000000102,80.4549010941894,10,14,0,8.7,627,750,1
"895","1053","14183",4146510000000000000.000000000000000,37.335627230000000,127.094728500000002,경기도 용인시 수지구 동천동,"8690000",888.008000000000038,수진마을 우미 이노스빌,,1014.140999999999849,60.6622317460171,7,7,0,7.8,396,400,1
"896","1054","14180",4146510000000000000.000000000000000,37.335627330000001,127.096638299999995,경기도 용인시 수지구 동천동,"8700000",1754.570999999999913,수진마을신명스카이뷰,,513.566000000000031,47.5794851057843,5,4,3,8.3,262,262,1
"897","1055","13916",4146510000000000000.000000000000000,37.342350019999998,127.101202200000003,경기도 용인시 수지구 동천동,"9100000",585.265999999999963,원천마을 푸르지오아파트,,1850.947999999999638,17.9686480421856,2,2,1,7.9,190,191,1
"898","1056","6576",4146510000000000000.000000000000000,37.340740330000003,127.100504500000000,경기도 용인시 수지구 동천동,"9110000",377.901999999999987,동천마을영풍아파트,,20.271000000000001,9.28992858573049,2,0,0,0,0,0,0
"899","1057","6573",4146510000000000000.000000000000000,37.342173340000002,127.098565199999996,경기도 용인시 수지구 동천동,"9120000",709.499000000000024,보뜨랑마을벽산블루밍아파트,,182.674000000000007,21.0284851779937,3,2,2,7.1,182,192,1
"900","1058","1935",4146510000000000000.000000000000000,37.339832389999998,127.097407899999993,경기도 용인시 수지구 동천동,"9130000",1054.641000000000076,동문굿모닝힐6차아파트,,301.995000000000005,37.1761299749158,5,7,2,11,220,425,1
"901","1059","7275",4146510000000000000.000000000000000,37.341206219999997,127.097239500000001,경기도 용인시 수지구 동천동,"9140000",1669.340999999999894,동문굿모닝힐5차아파트,,6004.285999999999149,122.781514722629,15,28,13,8.7,1334,1473,1
"904","1062","7105",4146510000000000000.000000000000000,37.335715579999999,127.085257499999997,경기도 용인시 수지구 동천동,"9230000",270.672000000000025,한빛마을 래미안 이스트팰리스 4단지,,874.216999999999871,93.6926960125954,11,26,20,14.5,620,1352,1
"905","1063","40778",4146510000000000000.000000000000000,37.331680890000001,127.090180700000005,경기도 용인시 수지구 동천동,"9300000",1672.756000000000085,동천파크자이,,997.138999999999896,32.3112419213221,4,8,15,8,388,475,1
"906","1064","5233",4146510000000000000.000000000000000,37.336476470000001,127.088010800000006,경기도 용인시 수지구 동천동,"9350000",2257.032999999999902,한빛마을 래미안 이스트팰리스 1단지,,2425.655000000000200,64.9129587079132,9,17,9,13.5,460,948,1
"907","1065","7098",4146510000000000000.000000000000000,37.333936469999998,127.088723900000005,경기도 용인시 수지구 동천동,"9320000",761.475000000000023,한빛마을 래미안 이스트팰리스 3단지,,1595.997000000000071,148.759465633683,16,31,12,11.65,885,1607,1
"908","1066","7087",4146510000000000000.000000000000000,37.336465369999999,127.090148099999993,경기도 용인시 수지구 동천동,"9380000",1694.393000000000029,한빛마을 래미안 이스트팰리스 2단지,,1705.112000000000080,93.628360545407,10,14,7,13.5,428,787,1
"909","1067","63787",4146510000000000000.000000000000000,37.341497290000000,127.099424700000000,경기도 용인시 수지구 동천동,"9690000",150.228000000000009,동천파크뷰,,85.019999999999996,6,1,0,0,0,0,0,0
"919","1078","35431",4146510000000000000.000000000000000,37.340266860000000,127.101351600000001,경기도 용인시 수지구 동천동,"1850014",149.677999999999997,공동주택,동천동 필하우스,5.684000000000000,12,1,0,0,0,0,0,0
"920","1080","70880",4146510000000000000.000000000000000,37.332134689999997,127.093163700000005,경기도 용인시 수지구 동천동,"2820008",398.696000000000026,공동주택,다온빌,0.000000000000000,0,0,0,0,0,0,0,0
"921","1081","70881",4146510000000000000.000000000000000,37.340250810000001,127.100469799999999,경기도 용인시 수지구 동천동,"3250011",71.659999999999997,공동주택,,0.000000000000000,0,0,0,0,0,0,0,0
"922","1082","581",4146510000000000000.000000000000000,37.339276750000003,127.092818699999995,경기도 용인시 수지구 동천동,"4000001",1479.215999999999894,동문그린빌아파트,,692.572000000000003,15.0425299299468,2,3,4,6.55,227,227,1
"923","1083","35377",4146510000000000000.000000000000000,37.338213250000003,127.101680500000001,경기도 용인시 수지구 동천동,"8990000",227.391999999999996,공동주택,분당수지 U-TOWER,416.735000000000014,31.326899822827,5,0,0,0,0,0,0
"924","1085","70883",4146510000000000000.000000000000000,37.335548910000000,127.090675399999995,경기도 용인시 수지구 동천동,"9460011",26.003000000000000,공동주택,대성빌리지,0.000000000000000,0,0,0,0,0,0,0,0
"925","1088","77006",4146510000000000000.000000000000000,37.340030939999998,127.102377500000003,경기도 용인시 수지구 동천동,"1860011",252.429000000000002,공동주택,웰니스101,0.000000000000000,0,0,0,0,0,0,0,0
"926","1090","90068",4146510000000000000.000000000000000,37.335326860000002,127.090738299999998,경기도 용인시 수지구 동천동,"9460010",26.003000000000000,공동주택,,0.000000000000000,0,0,0,0,0,0,0,0
"927","1091","15403",4146510000000000000.000000000000000,37.300854059999999,127.075822299999999,경기도 용인시 수지구 상현동,"11080000",1058.205999999999904,광교마을46단지 광교스타클래스,,938.756999999999948,41.4791628043342,5,6,2,11.25,220,392,1
"928","1092","17555",4146510000000000000.000000000000000,37.297804839999998,127.064498900000004,경기도 용인시 수지구 상현동,"11130000",77.504000000000005,광교마을45단지,,4104.091000000000349,76.2421283646995,10,20,2,10.6,672,1081,1
"929","1093","15960",4146510000000000000.000000000000000,37.297578880000003,127.067055100000005,경기도 용인시 수지구 상현동,"11150000",2111.079999999999927,광교경남아너스빌,,3836.103000000000520,84.5944971857823,10,19,2,11.3,700,1022,1
"930","1094","16085",4146510000000000000.000000000000000,37.296834169999997,127.071662099999998,경기도 용인시 수지구 상현동,"11340000",1855.392000000000053,광교상록자이아파트,,2963.182999999999993,78.2206990523612,11,27,10,13.5,1035,1410,1
"931","1095","45768",4146510000000000000.000000000000000,37.296132059999998,127.074508300000005,경기도 용인시 수지구 상현동,"11350000",600.820000000000050,휴먼시아아파트,,3005.225000000000819,122.198508962232,15,18,2,0,1117,985,1
"932","1096","13404",4146510000000000000.000000000000000,37.301585390000000,127.073729999999998,경기도 용인시 수지구 상현동,"8530000",3512.619000000000142,광교상현마을현대아파트,,3947.531999999999698,49.4607720504582,7,11,6,8.15,498,621,1
"933","1097","13795",4146510000000000000.000000000000000,37.300134980000003,127.077899900000006,경기도 용인시 수지구 상현동,"8660000",1402.029999999999973,광교상떼빌파크뷰,,4909.940999999999804,168.294865297109,18,34,19,7.6,968,1760,1
"934","1098","54677",4146510000000000000.000000000000000,37.302491750000002,127.074656599999997,경기도 용인시 수지구 상현동,"3600002",440.877000000000010,,"4146510700103600002",0.000000000000000,0,0,2,0,2.6,224,179,1
"935","1099","15402",4146510000000000000.000000000000000,37.300751120000001,127.073796900000005,경기도 용인시 수지구 상현동,"11070000",1954.566000000000031,광교마을46단지 광교스타클래스,,178.195000000000022,37.7190539245979,3,5,3,13.6,168,323,1
"936","1100","50497",4146510000000000000.000000000000000,37.296928979999997,127.068099399999994,경기도 용인시 수지구 상현동,"11160004",315.466999999999985,공동주택,더블유스퀘어광교,310.742999999999995,7.00975082302739,1,0,0,0,0,0,0
"937","1101","34782",4146510000000000000.000000000000000,37.298288229999997,127.069047200000000,경기도 용인시 수지구 상현동,"11170001",83.253000000000000,공동주택,광교 티타워,0.000000000000000,0,0,0,0,0,0,0,0
"938","1102","35036",4146510000000000000.000000000000000,37.296308220000000,127.068165800000003,경기도 용인시 수지구 상현동,"11180000",142.287000000000006,공동주택,광교 U-TOWER,137.780000000000001,6.03282769632748,1,0,0,0,0,0,0
"939","1103","51137",4146510000000000000.000000000000000,37.299737340000000,127.072726799999998,경기도 용인시 수지구 상현동,"11250000",75.659999999999997,공동주택,큐브빌딩,75.659999999999997,13,1,0,0,0,0,0,0
"940","1104","35059",4146510000000000000.000000000000000,37.298138760000001,127.069889200000006,경기도 용인시 수지구 상현동,"11310001",8.912000000000003,공동주택,킴앤코시티하임I오피스텔,8.912000000000003,5.96027827648115,1,0,0,0,0,0,0
"941","1105","47234",4146510000000000000.000000000000000,37.296586529999999,127.070032999999995,경기도 용인시 수지구 상현동,"11320004",93.349000000000004,공동주택,광교 리치안 오피스텔,67.784999999999997,10.9248063730914,1,0,0,0,0,0,0
"942","1106","34742",4146510000000000000.000000000000000,37.296102980000001,127.069299099999995,경기도 용인시 수지구 상현동,"11330000",340.137000000000000,공동주택,골드리치안오피스텔,331.776999999999987,7.5799377292579,1,0,0,0,0,0,0
"943","1107","41486",4146510000000000000.000000000000000,37.296047710000003,127.069642099999996,경기도 용인시 수지구 상현동,"11330001",2069.766999999999825,공동주택,골드리치안오피스텔,0.000000000000000,0,0,0,0,0,0,0,0
"944","1108","18633",4146510000000000000.000000000000000,37.295988719999997,127.069974299999998,경기도 용인시 수지구 상현동,"11330002",1729.630000000000109,공동주택,광교어드벤스힐오피스텔,1661.845000000000027,8.91635742202191,1,0,0,0,0,0,0
"945","1109","14727",4146510000000000000.000000000000000,37.294957119999999,127.078320099999999,경기도 용인시 수지구 상현동,"11370000",775.120000000000005,공동주택,광교지웰홈스,578.078999999999951,6.96436819189072,1,0,0,0,0,0,0
"946","1110","14727",4146510000000000000.000000000000000,37.295021050000003,127.078953799999994,경기도 용인시 수지구 상현동,"11370001",124.141000000000005,공동주택,광교지웰홈스,13.573000000000000,9.32822515287704,1,0,0,0,0,0,0
"947","1111","14727",4146510000000000000.000000000000000,37.295085540000002,127.079296799999995,경기도 용인시 수지구 상현동,"11380000",13.573000000000000,공동주택,광교지웰홈스,0.000000000000000,0,0,0,0,0,0,0,0
"948","1112","76368",4146510000000000000.000000000000000,37.298501889999997,127.068530400000000,경기도 용인시 수지구 상현동,"11160000",1667.063000000000102,공동주택,더블유스퀘어광교,64.885000000000005,6.99645526701087,1,0,0,0,0,0,0
"949","1113","76368",4146510000000000000.000000000000000,37.297447849999998,127.068243800000005,경기도 용인시 수지구 상현동,"11160003",356.262999999999977,공동주택,광교2차푸르지오시티B동오피스텔,4.724000000000000,5,1,0,0,0,0,0,0
"950","1114","76368",4146510000000000000.000000000000000,37.297480499999999,127.068822299999994,경기도 용인시 수지구 상현동,"11170005",375.535000000000025,공동주택,광교2차 푸르지오시티 C동,0.000000000000000,0,0,0,0,0,0,0,0
"951","1115","76368",4146510000000000000.000000000000000,37.297222980000001,127.068750499999993,경기도 용인시 수지구 상현동,"11170006",671.942999999999984,공동주택,광교2차 푸르지오시티 C동,302.411000000000001,6.4606313923766,1,0,0,0,0,0,0
"952","1116","76368",4146510000000000000.000000000000000,37.296713640000000,127.068614100000005,경기도 용인시 수지구 상현동,"11170008",818.054999999999950,공동주택,광교2차 푸르지오시티 D동,0.000000000000000,0,0,0,0,0,0,0,0
"953","1117","76369",4146510000000000000.000000000000000,37.298030089999997,127.068405999999996,경기도 용인시 수지구 상현동,"11160001",1558.040999999999940,공동주택,광교푸르지오시티1단지오피스텔,0.000000000000000,0,0,0,0,0,0,0,0
"954","1118","76369",4146510000000000000.000000000000000,37.297687590000002,127.070332600000000,경기도 용인시 수지구 상현동,"11320001",101.822999999999993,공동주택,광교푸르지오시티2단지오피스텔,70.415999999999997,6.55805498750284,1,0,0,0,0,0,0
"955","1119","76369",4146510000000000000.000000000000000,37.297105889999997,127.070170500000003,경기도 용인시 수지구 상현동,"11320003",56.970999999999997,공동주택,광교푸르지오시티3단지오피스텔,0.000000000000000,0,0,0,0,0,0,0,0
"956","1120","13239",4146510000000000000.000000000000000,37.303148270000001,127.077179900000004,경기도 용인시 수지구 상현동,"8240000",276.504000000000019,상현마을쌍용2차스윗닷홈A단지아파트,,1332.401999999999816,48.7713129840165,6,15,10,0,421,820,1
"959","1123","75149",4146510000000000000.000000000000000,37.311161130000002,127.091505900000001,경기도 용인시 수지구 상현동,"320002",137.287000000000006,THE S 상현,,9.323000000000000,7.49415424219672,1,0,0,0,0,0,0
"960","1124","595",4146510000000000000.000000000000000,37.313224300000002,127.087289799999994,경기도 용인시 수지구 상현동,"10000",2879.358999999999924,성복역리버파크,,1662.938999999999851,42.8237020501712,6,0,0,0,0,0,0
"961","1125","18635",4146510000000000000.000000000000000,37.310908130000001,127.084483399999996,경기도 용인시 수지구 상현동,"12010000",153.972000000000008,수지 휴엔하임 아파트,,95.998000000000005,7.17089939373737,1,0,0,0,0,0,0
"962","1126","19434",4146510000000000000.000000000000000,37.312945020000001,127.090534899999994,경기도 용인시 수지구 상현동,"12030000",1468.611000000000104,용인수지 동도 센트리움,,157.419000000000011,10.7140688226961,1,2,0,4.2,168,168,1
"963","1127","19276",4146510000000000000.000000000000000,37.302856869999999,127.084472099999999,경기도 용인시 수지구 상현동,"12040000",839.437999999999988,레이크포레 아파트,,835.212999999999965,25.778146916283,3,4,2,8.5,235,268,1
"964","1128","16446",4146510000000000000.000000000000000,37.308000059999998,127.088802099999995,경기도 용인시 수지구 상현동,"12140000",872.067999999999984,더샵수지포레,,137.705999999999989,39.4810772212588,5,10,16,10.5,479,597,1
"965","1129","11924",4146510000000000000.000000000000000,37.306278839999997,127.088257700000000,경기도 용인시 수지구 상현동,"8500000",4407.855999999999767,만현마을쌍용1차아파트,,5433.348000000000866,126.350078469058,15,26,1,7.2,992,1353,1
"966","1130","13091",4146510000000000000.000000000000000,37.304766760000000,127.084761900000004,경기도 용인시 수지구 상현동,"8510000",1068.500000000000000,상현마을현대성우아파트,,1399.021999999999707,87.2173971403309,11,14,0,6.8,470,788,1
"967","1131","13189",4146510000000000000.000000000000000,37.307276139999999,127.087214700000004,경기도 용인시 수지구 상현동,"8520000",1835.020999999999958,만현마을 쌍용아파트,,2454.625000000000000,51.5486818726247,7,12,0,8,375,677,1
"968","1132","13789",4146510000000000000.000000000000000,37.303993970000001,127.083495200000002,경기도 용인시 수지구 상현동,"8550000",2142.695999999999913,상현마을 현대성우3차아파트,,3003.697000000000116,49.6789575066406,5,12,5,9,336,653,1
"969","1133","13587",4146510000000000000.000000000000000,37.310323289999999,127.088210799999999,경기도 용인시 수지구 상현동,"8560000",2092.655999999999949,만현마을2단지 아이파크,,1940.755999999999631,47.7376799018081,8,0,0,0,0,0,0
"970","1134","13685",4146510000000000000.000000000000000,37.311042409999999,127.085585600000002,경기도 용인시 수지구 상현동,"8570000",2075.978000000000065,성복역 아이파크,,915.328000000000088,103.574568264588,11,13,6,7.7,584,703,1
"971","1135","13687",4146510000000000000.000000000000000,37.308757700000001,127.086692099999993,경기도 용인시 수지구 상현동,"8580000",2510.884000000000015,만현마을5단지아이파크아파트,,2682.169999999999618,63.0533618868641,7,16,7,8.5,528,889,1
"972","1136","13683",4146510000000000000.000000000000000,37.311976049999998,127.089726099999993,경기도 용인시 수지구 상현동,"8590000",824.600000000000023,만현마을롯데캐슬아파트,,2347.434999999999491,113.441867257921,14,30,4,7.9,992,1562,1
"973","1137","14099",4146510000000000000.000000000000000,37.305276210000002,127.087455899999995,경기도 용인시 수지구 상현동,"8610000",2243.951000000000022,만현마을8단지두산위브아파트,,4246.602000000000771,83.4888236755309,9,24,9,9.5,556,1281,1
"974","1138","13877",4146510000000000000.000000000000000,37.309638710000002,127.090070800000007,경기도 용인시 수지구 상현동,"8640000",6227.974000000000160,만현마을성원상떼빌아파트,,5761.546000000000276,73.7745942440041,9,12,5,7.8,554,681,1
"975","1139","14100",4146510000000000000.000000000000000,37.304244060000002,127.089872900000003,경기도 용인시 수지구 상현동,"8690000",2070.041999999999916,만현마을9단지엘지자이아파트,,10040.949999999997090,149.186075267842,19,27,0,7.5,1034,1406,1
"979","1143","38201",4146510000000000000.000000000000000,37.311386089999999,127.092596299999997,경기도 용인시 수지구 상현동,"320003",62.841000000000001,공동주택,현대파인빌리지,0.000000000000000,0,0,0,0,0,0,0,0
"980","1144","38201",4146510000000000000.000000000000000,37.311470780000001,127.092303799999996,경기도 용인시 수지구 상현동,"320004",54.615000000000002,공동주택,현대파인빌리지,54.615000000000002,13,1,0,0,0,0,0,0
"981","1145","38201",4146510000000000000.000000000000000,37.311037620000000,127.092329500000005,경기도 용인시 수지구 상현동,"320009",59.331000000000003,공동주택,현대파인빌리지,0.000000000000000,0,0,0,0,0,0,0,0
"982","1146","38201",4146510000000000000.000000000000000,37.311089310000000,127.092119100000005,경기도 용인시 수지구 상현동,"320010",182.820999999999998,공동주택,현대파인빌리지,4.716000000000000,7,1,0,0,0,0,0,0
"983","1147","38201",4146510000000000000.000000000000000,37.310837739999997,127.092037700000006,경기도 용인시 수지구 상현동,"320011",118.882999999999996,공동주택,현대파인빌리지,114.167000000000002,8.10965515429152,1,0,0,0,0,0,0
"984","1148","38201",4146510000000000000.000000000000000,37.310813140000000,127.091569600000000,경기도 용인시 수지구 상현동,"330000",118.391999999999996,공동주택,현대파인빌리지,0.000000000000000,0,0,0,0,0,0,0,0
"985","1149","38201",4146510000000000000.000000000000000,37.310798120000001,127.091315899999998,경기도 용인시 수지구 상현동,"340001",704.697000000000003,공동주택,현대파인빌리지,4.225000000000000,5,1,0,0,0,0,0,0
"986","1150","38201",4146510000000000000.000000000000000,37.310402979999999,127.091329299999998,경기도 용인시 수지구 상현동,"340004",617.397000000000048,공동주택,현대파인빌리지,586.304999999999950,11,1,0,0,0,0,0,0
"987","1151","74405",4146510000000000000.000000000000000,37.310388410000002,127.091997699999993,경기도 용인시 수지구 상현동,"330002",17.472999999999999,공동주택,상현그린힐,0.000000000000000,0,0,0,0,0,0,0,0
"988","1152","74405",4146510000000000000.000000000000000,37.310616330000002,127.092288900000000,경기도 용인시 수지구 상현동,"330003",4.716000000000000,공동주택,상현그린힐,0.000000000000000,0,0,0,0,0,0,0,0
"989","1153","74405",4146510000000000000.000000000000000,37.310125790000001,127.091695900000005,경기도 용인시 수지구 상현동,"330004",31.091999999999999,공동주택,상현그린힐,13.420999999999999,8.90529766783399,1,0,0,0,0,0,0
"990","1154","74405",4146510000000000000.000000000000000,37.310604060000003,127.092433600000007,경기도 용인시 수지구 상현동,"330005",4.716000000000000,공동주택,상현그린힐,0.000000000000000,0,0,0,0,0,0,0,0
"991","1155","74405",4146510000000000000.000000000000000,37.310165970000000,127.092226900000000,경기도 용인시 수지구 상현동,"330011",17.472999999999999,공동주택,상현그린힐,0.000000000000000,0,0,0,0,0,0,0,0
"992","1156","74405",4146510000000000000.000000000000000,37.309796179999999,127.091774999999998,경기도 용인시 수지구 상현동,"330012",17.472999999999999,공동주택,상현그린힐,0.000000000000000,0,0,0,0,0,0,0,0
"993","1157","81",4146510000000000000.000000000000000,37.318209750000001,127.073023800000001,경기도 용인시 수지구 성복동,"7260000",954.498000000000047,성동마을 엘지빌리지3차,,10503.261000000000422,282.226939656904,29,59,0,9.7,1234,3018,1
"994","1158","11050",4146510000000000000.000000000000000,37.317350550000000,127.075987499999997,경기도 용인시 수지구 성복동,"1550000",1448.683999999999969,성동마을 엘지빌리지1차,,9194.456999999996697,195.882591464215,22,64,5,13.9,1164,3277,1
"995","1159","53459",4146510000000000000.000000000000000,37.315192089999996,127.073066699999998,경기도 용인시 수지구 성복동,"1670000",1427.900000000000091,성복역 KCC스위첸,,1243.732999999999947,13.6785861595696,1,3,4,9,188,212,1
"996","1161","15152",4146510000000000000.000000000000000,37.315690699999998,127.071290200000007,경기도 용인시 수지구 성복동,"1680010",397.447000000000003,성복역 서희스타힐스,,0.000000000000000,0,0,3,6,8,174,210,1
"997","1162","13793",4146510000000000000.000000000000000,37.314694510000002,127.066147799999996,경기도 용인시 수지구 성복동,"7230000",1193.648999999999887,성남마을벽산첼시빌2차아파트,,5995.993999999999687,133.599672934951,16,39,20,8.05,951,2029,1
"998","1163","13915",4146510000000000000.000000000000000,37.319208019999998,127.070095800000004,경기도 용인시 수지구 성복동,"7310000",1870.942999999999984,성동마을 엘지빌리지 6차,,4243.201000000000022,187.718616957267,22,40,20,10.5,956,2064,1
"862","1019","13405",4146510000000000000.000000000000000,37.331414770000002,127.105630800000000,경기도 용인시 수지구 죽전동,"8580001",19.611000000000001,한솔 노블빌리지,,3.761000000000000,98.7590212757905,12,0,0,0,0,0,0
"764","914","13000",4146510000000000000.000000000000000,37.317827090000002,127.098649800000004,경기도 용인시 수지구 풍덕천동,"11680001",382.279999999999973,진산마을삼성래미안5차아파트,,3101.258000000000720,240.16208941745,30,51,5,12,1828,2644,1
"765","915","12023",4146510000000000000.000000000000000,37.315473179999998,127.095804900000005,경기도 용인시 수지구 풍덕천동,"11800000",623.278000000000020,진산마을삼성래미안7차아파트,,113.519000000000005,84.7600752224817,11,24,0,14.8,501,1280,1
"778","928","5155",4146510000000000000.000000000000000,37.331756100000000,127.065107699999999,경기도 용인시 수지구 신봉동,"9470000",35.588000000000001,신봉마을 동부센트레빌 6단지,,0.000000000000000,53.6270463733666,6,15,13,11.5,450,840,1
"803","956","29050",4146510000000000000.000000000000000,37.324989029999998,127.072550600000000,경기도 용인시 수지구 신봉동,"7720024",57.914999999999999,수지신봉현대빌라트,,0.000000000000000,9,1,0,0,0,0,0,0
"768","918","13791",4146510000000000000.000000000000000,37.325585879999998,127.075353699999994,경기도 용인시 수지구 신봉동,"8710000",522.448999999999955,신봉마을 엘지빌리지5차,,717.113999999999919,195.49329278546,22,45,18,17.35,1088,2434,2
"793","946","28434",4146510000000000000.000000000000000,37.335010580000002,127.054349900000005,경기도 용인시 수지구 신봉동,"7080002",104.616000000000000,신봉동 삼성쉐르빌,,35.405999999999999,67.5887137773259,7,0,0,0,0,0,0
"789","940","73289",4146510000000000000.000000000000000,37.333324470000001,127.056887799999998,경기도 용인시 수지구 신봉동,"5530000",70.600999999999999,광교산 파크하임 테라스,,0.000000000000000,9,1,0,0,0,0,0,0
"820","975","14199",4146510000000000000.000000000000000,37.321796900000002,127.114268899999999,경기도 용인시 수지구 죽전동,"13020000",675.601999999999975,꽃메마을한라신영프로방스,,1046.906999999999925,62.3552830551727,8,12,2,11.5,388,661,1
"821","976","14278",4146310000000000000.000000000000000,37.321076050000002,127.116338099999993,경기도 용인시 기흥구 보정동,"12100000",35.106000000000002,꽃메마을현대홈타운,,0.000000000000000,123.570581037681,15,24,16,16.2,1112,1360,2
"833","988","1155",4146510000000000000.000000000000000,37.329222520000002,127.117864200000000,경기도 용인시 수지구 죽전동,"10660001",1613.221999999999980,도담마을 아이파크,,0.000000000000000,26.1668020738364,3,6,0,5.65,360,360,1
"846","1002","3169",4146510000000000000.000000000000000,37.329053139999999,127.109899900000002,경기도 용인시 수지구 죽전동,"10030008",104.859999999999999,현암마을동성2차아파트,,1335.613999999999805,76.0106394614765,10,16,0,7.5,838,883,1
"849","1005","3139",4146510000000000000.000000000000000,37.332276370000002,127.111181000000002,경기도 용인시 수지구 죽전동,"11510000",2135.677000000000135,인현마을힐스테이트7차아파트,,1855.515999999999849,59.8995273801652,7,4,0,16.3,356,376,2
"852","1008","2001",4146510000000000000.000000000000000,37.334139909999998,127.112263700000000,경기도 용인시 수지구 죽전동,"11540000",2488.586999999999989,현인마을 이-편한세상,,2414.655000000000200,105.60708857341,11,7,0,18.7,445,490,2
"883","1040","33485",4146510000000000000.000000000000000,37.334662039999998,127.105392699999996,경기도 용인시 수지구 죽전동,"9510000",1188.556000000000040,벽산아파트,,7.522000000000000,6,1,0,0,0,0,0,0
"881","1038","12698",4146510000000000000.000000000000000,37.334798390000003,127.107077099999998,경기도 용인시 수지구 죽전동,"9410000",2776.235999999999876,블루밍벽산3단지아파트,,2661.155999999999949,37.4957087978819,5,6,0,7.3,425,355,1
"893","1051","14184",4146510000000000000.000000000000000,37.336954669999997,127.096665299999998,경기도 용인시 수지구 동천동,"8680000",1968.858999999999924,수진마을2단지,,2190.127999999999702,50.9898010696947,6,9,4,12,344,549,1
"903","1061","19499",4146510000000000000.000000000000000,37.337881529999997,127.085940300000004,경기도 용인시 수지구 동천동,"9190000",24.321999999999999,더샵 파크사이드,,0.000000000000000,32.7585678456396,4,6,4,8.7,330,377,1
"911","1070","25084",4146510000000000000.000000000000000,37.344243210000002,127.091038800000007,경기도 용인시 수지구 동천동,"1350009",37.997999999999998,동천동 삼성쉐르빌,,0.000000000000000,23.2226073047187,2,0,0,0,0,0,0
"914","1073","40835",4146510000000000000.000000000000000,37.332409200000001,127.092539099999996,경기도 용인시 수지구 동천동,"2820010",635.181000000000040,더샵 동천이스트포레,,577.018000000000029,67.244308368972,8,23,18,9.1,980,1226,1
"957","1121","13239",4146510000000000000.000000000000000,37.301749129999997,127.076825700000001,경기도 용인시 수지구 상현동,"8280000",666.703999999999951,광교쌍용포레듀엔,,673.123999999999910,56.3615638190086,7,15,0,0,566,886,2
"977","1141","7064",4146510000000000000.000000000000000,37.313964630000001,127.092292700000002,경기도 용인시 수지구 풍덕천동,"2200005",2122.534000000000106,진산마을성원상떼빌아파트,,62.098999999999997,181.12638292151,21,33,18,6,1744,1741,1
