,행정동,아파트,count_cust,age_avg,매매(억),세대수,완속최소설치개수,완속설치개수,부족개수,아파트count순위,읍면동순위,count_cust_scaled,읍면동scaled,cluster,군집별총합,군집별scaled,아파트최종수요지수
0,신봉동,신봉마을엘지자이1차아파트,12230.156,8.962285244,7.4,1990.0,61.0,30,31.0,1,9,1.0,0.616302278285991,0,1.54255,1.0,2.616302278285991
1,성복동,성복역 롯데캐슬 골드타운,11987.855,8.31008141,12.5,2356.0,55.0,50,5.0,2,1,0.980181274743654,1.0,0,1.54255,1.0,2.980181274743654
2,동천동,동천마을현대2차홈타운,11195.784,8.846659388,8.72,1128.0,21.0,4,17.0,3,2,0.9153947590771104,0.8831808509672122,0,1.54255,1.0,2.798575610044322
3,성복동,성동마을 엘지빌리지3차,10503.261,9.731963436,9.7,1234.0,59.0,0,59.0,4,1,0.8587506549640426,1.0,0,1.54255,1.0,2.8587506549640427
4,죽전1동,새터마을죽전힐스테이트,10226.24,7.29437806,7.3,1998.0,39.0,2,37.0,5,2,0.8360920481516967,0.8940924713874427,0,1.54255,1.0,2.730184519539139
5,상현2동,만현마을9단지엘지자이아파트,10040.95,7.851898698,7.5,1034.0,27.0,0,27.0,6,8,0.8209364705736086,0.6139517690246146,1,1.147635,0.5043824531195484,1.939270692717772
6,성복동,성동마을 엘지빌리지1차,9194.457,8.903754157,13.9,1164.0,64.0,5,59.0,7,1,0.751698571438153,1.0,5,1.38777,0.8057514049702941,2.557449976408447
7,상현1동,심곡마을 광교힐스테이트,8010.45,8.990821525,11.6,860.0,32.0,1,31.0,8,2,0.6548541117182575,0.8680035220313121,5,1.38777,0.8057514049702941,2.328609038719864
8,풍덕천1동,현대아파트,7888.036,8.386994011,8.5,1168.0,16.0,0,16.0,9,18,0.6448414025939438,0.456235658031879,0,1.54255,1.0,2.1010770606258227
9,보라동,쌍용스윗닷홀아파트,7872.539,8.744379341,5.8,1596.0,54.0,0,54.0,10,11,0.6435738437093432,0.5910901009983927,0,1.54255,1.0,2.234663944707736
10,마북동,블루밍구성더센트럴,7287.201,9.410100819,9.0,1576.0,39.0,2,37.0,11,16,0.5956968105807181,0.5017948501296211,0,1.54255,1.0,2.097491660710339
11,역삼동,역북 신원아침도시,7135.708,10.13567745,5.3,452.0,8.0,4,4.0,12,5,0.5833056188594309,0.8060494940700504,3,0.745736,0.0,1.3893551129294814
12,풍덕천2동,신정마을8단지현대성우아파트,6312.712,7.891559317,7.2,1239.0,24.0,0,24.0,13,7,0.5159896291975159,0.6505346787312565,0,1.54255,1.0,2.166524307928772
13,풍덕천1동,래미안수지이스트파크,6245.528,8.269249637,11.25,845.0,20.0,4,16.0,14,18,0.5104943929515972,0.456235658031879,5,1.38777,0.8057514049702941,1.7724814559537705
14,신봉동,신봉마을자이2차아파트,6013.476,8.103378864,8.7,1626.0,50.0,51,0.0,15,9,0.491513972593507,0.616302278285991,0,1.54255,1.0,2.107816250879498
15,동천동,동문굿모닝힐5차아파트,6004.286,8.185434315,8.7,1334.0,28.0,13,15.0,16,2,0.4907622873544621,0.8831808509672122,0,1.54255,1.0,2.3739431383216743
16,성복동,성남마을벽산첼시빌2차아파트,5995.994,8.349979558,8.05,951.0,39.0,20,19.0,17,1,0.4900840529690257,1.0,1,1.147635,0.5043824531195484,1.994466506088574
17,보정동,죽현마을 아이파크,5983.059,8.445028887,8.5,1466.0,30.0,10,20.0,18,14,0.4890260498605333,0.5701638202252555,0,1.54255,1.0,2.0591898700857887
18,역삼동,우미린센트럴파크,5905.538,7.428001165,6.8,1260.0,28.0,10,18.0,19,5,0.4826853108598803,0.8060494940700504,0,1.54255,1.0,2.2887348049299305
19,상현2동,만현마을성원상떼빌아파트,5761.546,8.197177138,7.8,554.0,12.0,5,7.0,20,8,0.4709076546095481,0.6139517690246146,1,1.147635,0.5043824531195484,1.589241876753711
20,풍덕천2동,e편한세상 수지,5686.602,8.427183028,11.0,1237.0,26.0,0,26.0,21,7,0.4647776982923575,0.6505346787312565,0,1.54255,1.0,2.115312377023614
21,보라동,민속마을 현대모닝사이드아파트,5671.259,8.890919247,5.1,1112.0,34.0,5,29.0,22,11,0.4635227356565941,0.5910901009983927,1,1.147635,0.5043824531195484,1.5589952897745352
22,상하동,상하동 621,5543.792,10.14115376,4.3,1342.0,36.0,10,26.0,23,26,0.4530967223415412,0.3376453441487402,0,1.54255,1.0,1.7907420664902811
23,상하동,강남마을주공8단지아파트,5466.695,10.27748429,6.2,1176.0,18.0,0,18.0,24,26,0.4467906639221021,0.3376453441487402,0,1.54255,1.0,1.7844360080708423
24,상현2동,만현마을쌍용1차아파트,5433.348,8.423338565,7.2,992.0,26.0,1,25.0,25,8,0.444063085285929,0.6139517690246146,1,1.147635,0.5043824531195484,1.562397307430092
25,상하동,강남마을한라비발디아파트,5333.065,8.08401789,5.1,890.0,19.0,10,9.0,26,26,0.4358605552720944,0.3376453441487402,1,1.147635,0.5043824531195484,1.277888352540383
26,보라동,써니밸리아파트,5326.397,8.873699688,3.9,1092.0,26.0,1,25.0,27,11,0.4353151540562129,0.5910901009983927,1,1.147635,0.5043824531195484,1.530787708174154
27,동백3동,신동백 서해그랑블2단지아파트,5253.336,8.093388247,6.8,817.0,21.0,5,16.0,28,24,0.4293392155088941,0.3674546176041567,1,1.147635,0.5043824531195484,1.3011762862325993
28,풍덕천1동,수지4차삼성아파트,5205.99,8.028417952,6.2,1137.0,13.0,0,13.0,29,18,0.4254666051358995,0.456235658031879,1,1.147635,0.5043824531195484,1.386084716287327
29,동백2동,참솔마을월드메르디앙,5138.627,8.415008049,4.9,966.0,22.0,5,17.0,30,21,0.4199567277955534,0.3899033082653352,1,1.147635,0.5043824531195484,1.3142424891804372
30,영덕2동,두진아파트,5088.473,10.08442315,4.5,541.0,6.0,4,2.0,31,22,0.4158544403658408,0.3719954850715014,3,0.745736,0.0,0.7878499254373421
31,상현1동,상현마을 금호베스트빌 1단지,5075.07,7.745279777,10.0,573.0,20.0,17,3.0,32,2,0.4147581577478953,0.8680035220313121,5,1.38777,0.8057514049702941,2.088513084749501
32,죽전1동,꽃메마을 현대홈타운,5068.077,10.26487256,7.5,254.0,4.0,3,1.0,33,2,0.4141861735393381,0.8940924713874427,4,0.928836,0.2297901392294814,1.5380687841562624
33,성복동,성복역 롯데캐슬 클라시엘,5033.706,9.348448847,11.65,1094.0,29.0,0,29.0,34,1,0.4113748380277807,1.0,5,1.38777,0.8057514049702941,2.217126242998075
34,마북동,교동마을 현대홈타운아파트,4995.238,9.942993948,6.9,795.0,29.0,5,24.0,35,16,0.4082283932208624,0.5017948501296211,1,1.147635,0.5043824531195484,1.414405696470032
35,동백3동,신동백 롯데캐슬에코1단지아파트,4971.177,8.06083412,9.0,1902.0,54.0,134,0.0,36,24,0.4062603520308014,0.3674546176041567,0,1.54255,1.0,1.773714969634958
36,동백1동,백현마을경남아너스빌,4913.307,7.306319528,5.0,600.0,12.0,6,6.0,37,16,0.4015269434580563,0.5344037808856225,2,1.095576,0.4390485106938384,1.3749792350375172
37,상현1동,광교상떼빌파크뷰,4909.941,9.349714739,7.6,968.0,34.0,19,15.0,38,2,0.4012516254477598,0.8680035220313121,1,1.147635,0.5043824531195484,1.7736376005986203
38,마북동,구성삼성래미안1차아파트,4738.634,9.110383774,13.5,1282.0,41.0,15,26.0,39,16,0.3872397709053152,0.5017948501296211,5,1.38777,0.8057514049702941,1.6947860260052303
39,풍덕천2동,용인수지 신정마을9단지,4617.74,7.905279337,6.7,812.0,15.0,2,13.0,40,7,0.3773513883929001,0.6505346787312565,1,1.147635,0.5043824531195484,1.532268520243705
40,역삼동,금령마을우남퍼스트빌,4575.107,10.42806049,4.3,451.0,10.0,7,3.0,41,5,0.3738642723106149,0.8060494940700504,3,0.745736,0.0,1.1799137663806654
41,풍덕천2동,정자뜰마을 태영 데시앙1차 아파트,4552.355,9.307561594,9.5,648.0,12.0,0,12.0,42,7,0.3720032992356693,0.6505346787312565,4,0.928836,0.2297901392294814,1.2523281171964074
42,이동읍,샘골마을풍성신미주아파트1단지,4476.335,8.222607583,3.2,800.0,15.0,5,10.0,43,28,0.3657853327642664,0.2879992091940163,3,0.745736,0.0,0.6537845419582826
43,죽전1동,죽전퍼스트하임,4435.531,7.352621886,6.5,480.0,9.0,6,3.0,44,2,0.3624478175853775,0.8940924713874427,2,1.095576,0.4390485106938384,1.6955887996666588
44,유림동,인정피렌체빌리지1차아파트,4397.301,7.399591071,2.6,639.0,11.0,0,11.0,45,13,0.3593208397084802,0.5798741685299538,3,0.745736,0.0,0.939195008238434
45,상현1동,성복역금호베스트빌,4335.478,7.683092428,8.2,890.0,26.0,8,18.0,46,2,0.354264100150975,0.8680035220313121,1,1.147635,0.5043824531195484,1.7266500753018357
46,상하동,풍림아파트,4326.603,9.013890422,4.0,469.0,8.0,0,8.0,47,26,0.3535381799663696,0.3376453441487402,3,0.745736,0.0,0.6911835241151099
47,상현2동,만현마을8단지두산위브아파트,4246.602,9.276535964,9.5,556.0,24.0,9,15.0,48,8,0.3469945922831453,0.6139517690246146,4,0.928836,0.2297901392294814,1.1907365005372412
48,성복동,성동마을 엘지빌리지 6차,4243.201,8.532664407,10.5,956.0,40.0,20,20.0,49,1,0.3467164114890221,1.0,5,1.38777,0.8057514049702941,2.1524678164593163
49,풍덕천2동,용인수지 신정마을1단지,4196.548,7.263820655,7.5,1044.0,19.0,0,19.0,50,7,0.3429004842357945,0.6505346787312565,1,1.147635,0.5043824531195484,1.4978176160865997
50,성복동,버들치마을 성복 힐스테이트 3차,4167.713,8.76626051,12.0,823.0,32.0,4,28.0,51,1,0.3405419593317836,1.0,5,1.38777,0.8057514049702941,2.146293364302078
51,상현1동,광교마을45단지,4104.091,7.624212836,10.6,672.0,20.0,2,18.0,52,2,0.3353380726855905,0.8680035220313121,5,1.38777,0.8057514049702941,2.009092999687197
52,보라동,민속마을신창미션힐아파트,4091.433,8.443542547,5.6,926.0,29.0,31,0.0,53,11,0.3343027264662401,0.5910901009983927,1,1.147635,0.5043824531195484,1.4297752805841812
53,신봉동,신봉마을동일하이빌3단지,4085.368,8.807676675,9.0,594.0,21.0,11,10.0,54,9,0.3338066469259999,0.616302278285991,4,0.928836,0.2297901392294814,1.1798990644414724
54,성복동,버들치마을 성복자이1차,4049.544,7.775660839,11.8,719.0,24.0,9,15.0,55,1,0.3308764649887263,1.0,5,1.38777,0.8057514049702941,2.13662786995902
55,유림동,금평마을영화아파트,3953.09,9.900541206,3.2,428.0,9.0,4,5.0,56,13,0.3229871235255231,0.5798741685299538,3,0.745736,0.0,0.9028612920554768
56,상현1동,광교상현마을현대아파트,3947.532,7.065824579,8.15,498.0,11.0,6,5.0,57,2,0.322532513453857,0.8680035220313121,2,1.095576,0.4390485106938384,1.6295845461790075
57,보라동,한보라 THE HILL 아파트,3905.791,8.337232416,5.0,762.0,15.0,27,0.0,58,11,0.3191183574622386,0.5910901009983927,1,1.147635,0.5043824531195484,1.4145909115801798
58,동백1동,백현마을서해그랑블,3903.98,8.801230584,5.5,482.0,9.0,11,0.0,59,16,0.3189702288476673,0.5344037808856225,3,0.745736,0.0,0.8533740097332898
59,기흥동,탑실마을 대주피오레2단지아파트,3877.185,8.918108187,7.0,1290.0,57.0,40,17.0,60,25,0.3167785633438361,0.3336006988047266,0,1.54255,1.0,1.650379262148563
60,신봉동,서홍마을효성화운트빌아파트,3860.027,9.149290459,7.5,388.0,7.0,0,7.0,61,9,0.3153751449182069,0.616302278285991,4,0.928836,0.2297901392294814,1.1614675624336794
61,성복동,버들치마을 경남아너스빌 1차,3844.298,8.987575407,9.0,816.0,23.0,8,15.0,62,1,0.3140886098665271,1.0,1,1.147635,0.5043824531195484,1.818471062986076
62,상현1동,광교경남아너스빌,3836.103,8.459449719,11.3,700.0,19.0,2,17.0,63,2,0.3134183094819817,0.8680035220313121,5,1.38777,0.8057514049702941,1.987173236483588
63,신갈동,신흥덕롯데캐슬레이시티,3761.909,7.927144397,5.8,1597.0,35.0,33,2.0,64,15,0.3073496985325042,0.5400417885712256,0,1.54255,1.0,1.8473914871037296
64,죽전1동,도담마을주공8단지아파트,3747.044,8.08976541,5.85,643.0,11.0,0,11.0,65,2,0.3061338333444299,0.8940924713874427,1,1.147635,0.5043824531195484,1.704608757851421
65,풍덕천1동,토월마을보원아파트,3746.651,8.563040052,6.4,619.0,7.0,4,3.0,66,18,0.3061016883717483,0.456235658031879,1,1.147635,0.5043824531195484,1.2667197995231758
66,구성동,하마비마을 동일하이빌1차아파트,3730.917,9.183752138,6.6,999.0,32.0,34,0.0,67,9,0.3048147443509504,0.5994869985848914,1,1.147635,0.5043824531195484,1.4086841960553902
67,죽전2동,동성1차아파트,3667.98,10.1197433,6.1,684.0,12.0,2,10.0,68,31,0.2996668864739353,0.1592021435625995,1,1.147635,0.5043824531195484,0.9632514831560832
68,풍덕천1동,한성아파트,3593.204,7.335792965,7.8,774.0,6.0,0,6.0,69,18,0.2935506715191124,0.456235658031879,1,1.147635,0.5043824531195484,1.25416878267054
69,죽전1동,성현마을반도유보라,3570.628,8.749047714,8.3,637.0,20.0,21,0.0,70,2,0.2917040941571236,0.8940924713874427,1,1.147635,0.5043824531195484,1.6901790186641148
70,동백2동,성산마을신영지웰,3528.269,7.576584296,8.5,590.0,18.0,20,0.0,71,21,0.2882393895825095,0.3899033082653352,1,1.147635,0.5043824531195484,1.1825251509673933
71,보정동,연원마을성원상떼빌아파트,3436.673,9.469728176,7.6,691.0,21.0,17,4.0,72,14,0.2807474025144402,0.5701638202252555,1,1.147635,0.5043824531195484,1.3552936758592442
72,구성동,하마비마을 동일하이빌2차아파트,3405.271,8.591972423,6.8,837.0,28.0,4,24.0,73,9,0.2781789128652032,0.5994869985848914,1,1.147635,0.5043824531195484,1.382048364569643
73,성복동,버들치마을 성복자이2차,3401.017,8.748723999,14.9,783.0,33.0,12,21.0,74,1,0.2778309619395343,1.0,5,1.38777,0.8057514049702941,2.083582366909829
74,죽전1동,현대아파트,3400.12,9.011524093,6.4,702.0,13.0,15,0.0,75,2,0.2777575928797494,0.8940924713874427,1,1.147635,0.5043824531195484,1.6762325173867405
75,보정동,행원마을동아솔레시티아파트,3395.041,9.720799937,11.5,1701.0,74.0,3,71.0,76,14,0.2773421620495961,0.5701638202252555,0,1.54255,1.0,1.847505982274852
76,상하동,지석마을 그대가 크레던스,3360.628,8.283195883,7.3,554.0,19.0,0,19.0,77,26,0.2745273911974468,0.3376453441487402,1,1.147635,0.5043824531195484,1.1165551884657354
77,동천동,용인수지2차풍림아파트,3335.543,10.41684393,5.9,271.0,4.0,3,1.0,78,2,0.2724755931320016,0.8831808509672122,4,0.928836,0.2297901392294814,1.3854465833286953
78,죽전1동,도담마을죽전파크빌,3335.318,7.841076016,5.85,561.0,7.0,0,7.0,79,2,0.2724571895216877,0.8940924713874427,1,1.147635,0.5043824531195484,1.6709321140286788
79,동부동,용인GS자이아파트,3301.247,7.123924291,4.28,502.0,10.0,11,0.0,80,32,0.2696703921572155,0.1608690326873091,2,1.095576,0.4390485106938384,0.869587935538363
80,죽전1동,대지마을 현대홈타운3차 2단지,3285.757,8.959745486,8.65,537.0,12.0,0,12.0,81,2,0.2684034058293803,0.8940924713874427,4,0.928836,0.2297901392294814,1.3922860164463045
81,동백1동,호수마을 자연앤 데시앙,3282.156,9.558443018,5.7,432.0,8.0,0,8.0,82,16,0.2681088662705336,0.5344037808856225,3,0.745736,0.0,0.8025126471561561
82,상현1동,상현마을 성우5차아파트,3281.175,7.161531821,9.0,310.0,10.0,0,10.0,83,2,0.2680286265295649,0.8680035220313121,2,1.095576,0.4390485106938384,1.5750806592547155
83,성복동,버들치마을 성복 힐스테이트 2차,3278.53,6.544172337,10.5,689.0,27.0,0,27.0,84,1,0.2678122818660966,1.0,5,1.38777,0.8057514049702941,2.0735636868363905
84,유림동,인정피렌체빌리지3차아파트,3276.761,8.738560524,2.8,516.0,11.0,13,0.0,85,13,0.2676675885921172,0.5798741685299538,3,0.745736,0.0,0.8475417571220709
85,신봉동,신봉마을 동일하이빌4단지,3212.402,9.426480075,9.6,636.0,23.0,19,4.0,86,9,0.262403419897918,0.616302278285991,4,0.928836,0.2297901392294814,1.1084958374133904
86,풍덕천1동,동아.삼익.풍림아파트,3212.233,8.540103705,6.0,1620.0,14.0,0,14.0,87,18,0.2623895967417266,0.456235658031879,0,1.54255,1.0,1.7186252547736056
87,풍덕천2동,진산마을삼성래미안5차아파트,3101.258,8.005402981,12.0,1828.0,51.0,5,46.0,88,7,0.2533125271657736,0.6505346787312565,0,1.54255,1.0,1.9038472058970304
88,성복동,성동마을수지자이아파트,3074.436,8.189864963,10.5,680.0,24.0,12,12.0,89,1,0.2511186532287048,1.0,5,1.38777,0.8057514049702941,2.056870058198999
89,죽전1동,내대지마을건영캐스빌,3036.115,7.761876445,7.6,1254.0,39.0,2,37.0,90,2,0.2479842321138582,0.8940924713874427,0,1.54255,1.0,2.142076703501301
90,동백1동,백현마을모아미래도,3028.783,7.795950535,4.7,838.0,21.0,8,13.0,91,16,0.2473845197990946,0.5344037808856225,1,1.147635,0.5043824531195484,1.2861707538042657
91,상현2동,상현마을 현대성우3차아파트,3003.697,9.935791501,9.0,336.0,12.0,5,7.0,92,8,0.2453326399398258,0.6139517690246146,4,0.928836,0.2297901392294814,1.089074548193922
92,구성동,휴먼시아 물푸레마을 3단지 아파트,2982.703,7.952418192,5.5,988.0,20.0,5,15.0,93,9,0.2436154604067999,0.5994869985848914,1,1.147635,0.5043824531195484,1.3474849121112398
93,상현1동,상현마을 금호베스트빌 4단지,2981.429,10.32469773,8.55,224.0,10.0,5,5.0,94,2,0.2435112550755112,0.8680035220313121,4,0.928836,0.2297901392294814,1.3413049163363049
94,상현1동,상현마을 현대성우2차아파트,2972.91,10.86171199,7.0,198.0,6.0,0,6.0,95,2,0.2428144534921136,0.8680035220313121,4,0.928836,0.2297901392294814,1.3406081147529072
95,상현1동,광교상록자이아파트,2963.183,7.110972641,13.5,1035.0,27.0,10,17.0,96,2,0.2420188449697861,0.8680035220313121,5,1.38777,0.8057514049702941,1.9157737719713923
96,상현1동,상현마을 금호베스트빌 2단지,2958.538,9.146105691,10.0,407.0,14.0,3,11.0,97,2,0.2416389126590828,0.8680035220313121,4,0.928836,0.2297901392294814,1.3394325739198765
97,서농동,서그내마을에스케이아파트,2941.069,9.562562891,5.7,807.0,19.0,5,14.0,98,28,0.2402100563543085,0.3073029322091238,1,1.147635,0.5043824531195484,1.0518954416829809
98,동천동,수진마을써니벨리아파트,2822.188,8.045490109,8.7,627.0,14.0,0,14.0,99,2,0.2304863248088355,0.8831808509672122,1,1.147635,0.5043824531195484,1.618049628895596
99,구갈동,기흥역지웰푸르지오,2819.35,9.120168178,6.8,561.0,11.0,17,0.0,100,6,0.230254193937409,0.7051588311823876,1,1.147635,0.5043824531195484,1.4397954782393452
100,구성동,초원마을 성원상떼빌2차아파트,2806.416,9.163307428,6.5,860.0,25.0,12,13.0,101,9,0.2291962726227402,0.5994869985848914,1,1.147635,0.5043824531195484,1.33306572432718
101,영덕1동,흥덕마을 11단지 경남아너스빌,2805.483,9.768519363,8.4,545.0,20.0,8,12.0,102,12,0.229119958985305,0.6173161457275348,4,0.928836,0.2297901392294814,1.0762262439423211
102,구성동,하마비마을 언남동부아파트,2796.332,9.962779748,5.75,446.0,8.0,0,8.0,103,9,0.2283714637053812,0.5994869985848914,4,0.928836,0.2297901392294814,1.057648601519754
103,영덕2동,청명호수마을 신안인스빌1단지,2780.991,9.912652851,4.7,1003.0,29.0,4,25.0,104,22,0.227116664657265,0.3719954850715014,1,1.147635,0.5043824531195484,1.1034946028483148
104,구성동,물푸레마을 휴먼시아7단지아파트,2777.922,7.735040754,5.25,398.0,7.0,8,0.0,105,9,0.2268656394125829,0.5994869985848914,2,1.095576,0.4390485106938384,1.2654011486913128
105,상현1동,상현마을수지센트럴아이파크,2758.918,6.631704904,9.5,895.0,33.0,11,22.0,106,2,0.2253112295885557,0.8680035220313121,1,1.147635,0.5043824531195484,1.5976972047394165
106,보라동,보라해링턴플레이스,2743.674,7.767650747,6.45,970.0,21.0,0,21.0,107,11,0.2240643645413304,0.5910901009983927,1,1.147635,0.5043824531195484,1.3195369186592716
107,역삼동,용인명지대역동원로얄듀크,2692.706,9.457278645,5.2,842.0,18.0,0,18.0,108,5,0.2198954969391933,0.8060494940700504,1,1.147635,0.5043824531195484,1.5303274441287922
108,상현2동,만현마을5단지아이파크아파트,2682.17,9.007623127,8.5,528.0,16.0,7,9.0,109,8,0.2190337172135592,0.6139517690246146,4,0.928836,0.2297901392294814,1.0627756254676552
109,죽전1동,꽃메마을 한라프로방스,2680.654,7.332766048,8.0,195.0,5.0,3,2.0,110,2,0.218909717776955,0.8940924713874427,2,1.095576,0.4390485106938384,1.5520506998582362
110,동백2동,동백역 경남아너스빌 아파트,2663.67,8.721804458,5.8,592.0,12.0,0,12.0,111,21,0.2175205314766353,0.3899033082653352,1,1.147635,0.5043824531195484,1.111806292861519
111,죽전2동,블루밍벽산3단지아파트,2661.156,7.49914176,7.3,425.0,6.0,0,6.0,112,31,0.2173149018040608,0.1592021435625995,2,1.095576,0.4390485106938384,0.8155655560604989
112,풍덕천2동,진흥아파트,2656.636,8.335381984,7.8,414.0,7.0,0,7.0,113,7,0.2169451937213097,0.6505346787312565,4,0.928836,0.2297901392294814,1.0972700116820475
113,신봉동,서홍마을한화꿈에그린아파트,2648.326,8.662531467,6.9,404.0,7.0,2,5.0,114,9,0.2162654870470482,0.616302278285991,4,0.928836,0.2297901392294814,1.0623579045625209
114,풍덕천2동,수지진산마을푸르지오,2643.792,7.55195453,10.5,438.0,9.0,0,9.0,115,7,0.2158946338507664,0.6505346787312565,5,1.38777,0.8057514049702941,1.6721807175523171
115,구성동,언동마을 신일아파트,2640.902,7.020345876,4.9,591.0,13.0,0,13.0,116,9,0.2156582497005118,0.5994869985848914,2,1.095576,0.4390485106938384,1.2541937589792416
116,신봉동,신봉마을 동일하이빌 2단지,2613.146,9.240250171,9.55,232.0,7.0,4,3.0,117,9,0.2133879803321843,0.616302278285991,4,0.928836,0.2297901392294814,1.0594803978476568
117,죽전2동,벽산타운1단지,2598.937,8.364662917,7.65,612.0,9.0,11,0.0,118,31,0.2122257718924031,0.1592021435625995,1,1.147635,0.5043824531195484,0.8758103685745511
118,죽전1동,도담마을 우미이노스빌,2591.184,7.262084129,6.05,418.0,7.0,1,6.0,119,2,0.2115916243778966,0.8940924713874427,2,1.095576,0.4390485106938384,1.5447326064591778
119,동백1동,백현마을코아루아파트,2586.586,7.883966822,5.75,414.0,10.0,0,10.0,120,16,0.2112155363769032,0.5344037808856225,2,1.095576,0.4390485106938384,1.184667827956364
120,동백1동,백현마을모아미래도,2586.034,7.907633005,4.9,336.0,5.0,0,5.0,121,16,0.2111703861862664,0.5344037808856225,3,0.745736,0.0,0.745574167071889
121,동백1동,호수마을서해그랑블,2571.903,7.062180559,5.5,536.0,10.0,0,10.0,122,16,0.2100145576647273,0.5344037808856225,2,1.095576,0.4390485106938384,1.1834668492441882
122,보라동,한보라마을 파크드림아파트,2552.434,8.529268392,6.2,311.0,11.0,1,10.0,123,11,0.2084221137127181,0.5910901009983927,4,0.928836,0.2297901392294814,1.0293023539405923
123,보라동,한보라마을 휴먼시아4단지아파트,2544.85,6.7914329,5.0,581.0,9.0,5,4.0,124,11,0.2078017893544029,0.5910901009983927,2,1.095576,0.4390485106938384,1.2379404010466342
124,상현1동,포레나 광교상현,2538.281,7.91658868,8.3,639.0,14.0,5,9.0,125,2,0.2072644857270595,0.8680035220313121,1,1.147635,0.5043824531195484,1.57965046087792
125,상갈동,금화마을 대우현대아파트,2535.604,6.657890469,5.92,664.0,17.0,0,17.0,126,33,0.2070455236612354,0.0841084668681154,2,1.095576,0.4390485106938384,0.7302025012231893
126,영덕1동,흥덕마을동원로얄듀크,2490.915,7.724214361,7.8,720.0,18.0,6,12.0,127,12,0.2033902394775926,0.6173161457275348,1,1.147635,0.5043824531195484,1.325088838324676
127,동백1동,호수마을계룡리슈빌,2484.75,6.838261563,5.9,567.0,11.0,0,11.0,128,16,0.2028859805549906,0.5344037808856225,2,1.095576,0.4390485106938384,1.1763382721344515
128,구성동,청덕마을 광도와이드빌아파트,2480.416,9.62458363,3.9,476.0,10.0,3,7.0,129,9,0.2025314861234324,0.5994869985848914,3,0.745736,0.0,0.8020184847083238
129,상현2동,만현마을 쌍용아파트,2454.625,7.36409741,8.0,375.0,12.0,0,12.0,130,8,0.2004219416185132,0.6139517690246146,2,1.095576,0.4390485106938384,1.253422221336966
130,동천동,한빛마을 래미안 이스트팰리스 1단지,2425.655,7.212550968,13.5,460.0,17.0,9,8.0,131,2,0.198052374548314,0.8831808509672122,5,1.38777,0.8057514049702941,1.8869846304858204
131,구성동,하마비마을 동부센트레빌아파트,2415.562,8.984213167,7.0,418.0,12.0,0,12.0,132,9,0.1972268294865425,0.5994869985848914,4,0.928836,0.2297901392294814,1.0265039673009153
132,영덕2동,청현마을신일아파트,2415.263,8.551254342,3.97,901.0,17.0,0,17.0,133,22,0.1972023731332808,0.3719954850715014,1,1.147635,0.5043824531195484,1.0735803113243307
133,죽전2동,현인마을 이-편한세상,2414.655,9.600644416,9.35,222.5,3.5,0,3.5,134,31,0.1971526424885214,0.1592021435625995,4,0.928836,0.2297901392294814,0.5861449252806024
134,포곡읍,인정멜로디아파트,2412.584,8.585178093,2.3,831.0,15.0,0,15.0,135,19,0.1969832474798095,0.4635589505943405,3,0.745736,0.0,0.6605421980741502
135,서농동,예현마을 현대홈타운아파트,2395.816,11.1228214,6.5,622.0,17.0,2,15.0,136,28,0.1956117286453911,0.3073029322091238,4,0.928836,0.2297901392294814,0.7327048000839964
136,풍덕천2동,우성아파트,2380.542,7.118128127,8.45,443.0,8.0,0,8.0,137,7,0.1943624097834573,0.6505346787312565,2,1.095576,0.4390485106938384,1.2839455992085522
137,풍덕천1동,동보아파트,2355.288,7.933101871,9.25,470.0,10.0,0,10.0,138,18,0.1922967885618208,0.456235658031879,5,1.38777,0.8057514049702941,1.454283851563994
138,보정동,솔뫼마을현대홈타운,2352.883,9.346197761,11.0,382.0,14.0,16,0.0,139,14,0.1921000744160206,0.5701638202252555,5,1.38777,0.8057514049702941,1.5680152996115702
139,상현2동,만현마을롯데캐슬아파트,2347.435,8.102990518,7.9,992.0,30.0,4,26.0,140,8,0.1916544616649525,0.6139517690246146,1,1.147635,0.5043824531195484,1.3099886838091157
140,동백2동,성산마을서해그랑블,2346.809,8.877488547,7.2,564.0,20.0,10,10.0,141,21,0.1916032587313679,0.3899033082653352,1,1.147635,0.5043824531195484,1.0858890201162517
141,마북동,연원마을현대아이파크아파트,2345.062,8.718718077,12.3,424.0,14.0,4,10.0,142,16,0.1914603649215081,0.5017948501296211,5,1.38777,0.8057514049702941,1.4990066200214234
142,역삼동,역북지웰푸르지오,2341.87,7.415805731,6.5,1259.0,28.0,0,28.0,143,5,0.191199279036521,0.8060494940700504,0,1.54255,1.0,1.997248773106572
143,풍덕천1동,삼성래미안1차아파트,2331.784,9.66628304,9.8,576.0,12.0,6,6.0,144,18,0.1903743065315148,0.456235658031879,4,0.928836,0.2297901392294814,0.8764001037928754
144,상현1동,상현동 벽산블루밍아파트,2317.825,7.748698892,7.4,631.0,11.0,6,5.0,145,2,0.189232546547638,0.8680035220313121,1,1.147635,0.5043824531195484,1.5616185216984986
145,풍덕천1동,수지 푸르지오 월드마크,2300.968,9.127657577,8.52,198.0,4.0,0,4.0,146,18,0.1878537480629177,0.456235658031879,4,0.928836,0.2297901392294814,0.8738795453242783
146,마북동,교동마을 정광아파트,2296.485,8.055185465,5.2,478.0,8.0,0,8.0,147,16,0.1874870663516404,0.5017948501296211,3,0.745736,0.0,0.6892819164812616
147,성복동,버들치마을 성복 힐스테이트 1차,2286.265,8.030696989,11.0,645.0,25.0,27,0.0,148,1,0.1866511334742694,1.0,5,1.38777,0.8057514049702941,1.992402538444564
148,신갈동,녹원마을새천년그린빌1단지아파트,2274.422,8.390049998,5.5,414.0,7.0,0,7.0,149,15,0.1856824492211673,0.5400417885712256,3,0.745736,0.0,0.725724237792393
149,중앙동,현대아파트,2266.533,9.424187534,2.8,755.0,8.0,0,8.0,150,28,0.1850371777466488,0.2465711427021494,3,0.745736,0.0,0.4316083204487982
150,성복동,수지성복 효성해링턴코트,2264.053,8.491635612,7.8,236.0,5.0,0,5.0,151,1,0.1848343290640774,1.0,4,0.928836,0.2297901392294814,1.414624468293559
151,성복동,용인성복아이파크,2259.38,10.11015592,8.1,351.0,8.0,10,0.0,152,1,0.1844521065263128,1.0,4,0.928836,0.2297901392294814,1.4142422457557942
152,구성동,물푸레마을 구성더포레스트6단지 아파트,2257.559,7.186424285,5.5,367.0,7.0,0,7.0,153,9,0.1843031599735053,0.5994869985848914,2,1.095576,0.4390485106938384,1.2228386692522353
153,마북동,교동마을 구성자이3차아파트,2237.917,9.899736938,7.0,309.0,8.0,8,0.0,154,16,0.1826965656900102,0.5017948501296211,4,0.928836,0.2297901392294814,0.9142815550491128
154,역삼동,풍림아파트,2221.337,10.0632658,3.0,377.0,6.0,2,4.0,155,5,0.1813404240944319,0.8060494940700504,3,0.745736,0.0,0.9873899181644824
155,보정동,죽현마을 엘지자이,2211.91,8.027422263,15.0,238.0,10.0,3,7.0,156,14,0.1805693537191896,0.5701638202252555,5,1.38777,0.8057514049702941,1.5564845789147392
156,동천동,수진마을2단지,2190.128,8.498300178,12.0,344.0,9.0,4,5.0,157,2,0.1787877206531531,0.8831808509672122,5,1.38777,0.8057514049702941,1.8677199765906596
157,기흥동,호수청구아파트,2183.625,9.30625349,3.3,498.0,6.0,3,3.0,158,25,0.1782558154181684,0.3336006988047266,3,0.745736,0.0,0.511856514222895
158,풍덕천2동,신정마을성지아파트,2166.947,9.177457342,9.5,538.0,17.0,8,9.0,159,7,0.1768916580278756,0.6505346787312565,4,0.928836,0.2297901392294814,1.0572164759886136
159,성복동,성동마을 강남빌리지,2141.015,9.08603214,12.0,428.0,13.0,8,5.0,160,1,0.1747705805938263,1.0,5,1.38777,0.8057514049702941,1.9805219855641203
160,마북동,교동마을 쌍용아파트,2139.582,10.24977014,6.8,340.0,12.0,2,10.0,161,16,0.1746533700445825,0.5017948501296211,4,0.928836,0.2297901392294814,0.906238359403685
161,상갈동,금화마을주공그린빌,2139.519,9.256172176,4.8,681.0,12.0,9,3.0,162,33,0.1746482170336945,0.0841084668681154,1,1.147635,0.5043824531195484,0.7631391370213585
162,신갈동,삼익아파트,2135.45,8.785951775,4.4,296.0,3.0,5,0.0,163,15,0.1743153979653949,0.5400417885712256,3,0.745736,0.0,0.7143571865366206
163,영덕1동,흥덕마을 힐스테이트,2133.917,9.130767981,9.5,570.0,11.0,4,7.0,164,12,0.1741900080337893,0.6173161457275348,4,0.928836,0.2297901392294814,1.0212962929908056
164,동백1동,호수마을휴먼시아,2109.327,6.982768815,5.5,488.0,9.0,5,4.0,165,16,0.1721786979110348,0.5344037808856225,2,1.095576,0.4390485106938384,1.1456309894904957
165,동천동,동문굿모닝힐3차아파트,2076.516,10.41071294,7.0,181.0,4.0,0,4.0,166,2,0.1694949607643207,0.8831808509672122,4,0.928836,0.2297901392294814,1.2824659509610143
166,이동읍,에이스카운티아파트,2067.439,8.266752018,3.35,430.0,8.0,2,6.0,167,28,0.1687525182273445,0.2879992091940163,3,0.745736,0.0,0.4567517274213608
167,유림동,예원마을코아루아파트,2042.293,8.39757699,2.85,408.0,8.0,3,5.0,168,13,0.1666957307386587,0.5798741685299538,3,0.745736,0.0,0.7465698992686125
168,구갈동,계룡리슈빌7단지아파트,2035.344,8.162422574,5.45,528.0,10.0,5,5.0,169,6,0.1661273454583406,0.7051588311823876,1,1.147635,0.5043824531195484,1.3756686297602767
169,신봉동,서홍마을우남퍼스트빌아파트,2016.469,9.443553931,6.5,962.0,15.0,10,5.0,170,9,0.1645834870375601,0.616302278285991,1,1.147635,0.5043824531195484,1.2852682184430997
170,죽전2동,용인수지벽산타운2단지,1991.302,7.585891112,7.5,684.0,11.0,0,11.0,171,31,0.1625249818785783,0.1592021435625995,1,1.147635,0.5043824531195484,0.8261095785607263
171,죽전1동,용인죽전동부센트레빌,1975.798,7.38977465,5.6,536.0,10.0,4,6.0,172,2,0.1612568504372125,0.8940924713874427,2,1.095576,0.4390485106938384,1.4943978325184937
172,상하동,인정프린스아파트,1967.73,7.587059574,2.6,367.0,3.0,3,0.0,173,26,0.1605969378682664,0.3376453441487402,3,0.745736,0.0,0.4982422820170066
173,풍덕천2동,신정마을상록아파트,1965.162,7.86242259,7.3,670.0,11.0,0,11.0,174,7,0.1603868913292166,0.6505346787312565,1,1.147635,0.5043824531195484,1.3153040231800217
174,영덕1동,신동아파밀리에아파트,1961.844,7.321294537,8.0,759.0,28.0,0,28.0,175,12,0.1601154994224538,0.6173161457275348,1,1.147635,0.5043824531195484,1.281814098269537
175,서농동,서천 센트럴파크원,1949.487,7.112817121,6.5,826.0,16.0,5,11.0,176,28,0.1591047731440122,0.3073029322091238,1,1.147635,0.5043824531195484,0.9707901584726844
176,역삼동,삼현마을진우아파트,1938.171,8.001478593,2.82,582.0,10.0,4,6.0,177,5,0.1581791942359565,0.8060494940700504,3,0.745736,0.0,0.9642286883060068
177,풍덕천1동,동문아파트,1918.9,5.583254056,7.8,368.0,6.0,0,6.0,178,18,0.1566029454610235,0.456235658031879,2,1.095576,0.4390485106938384,1.051887114186741
178,상하동,수원동마을쌍용스윗닷홈아파트,1916.914,8.228475242,4.5,465.0,11.0,0,11.0,179,26,0.1564405029273191,0.3376453441487402,3,0.745736,0.0,0.4940858470760593
179,풍덕천2동,수지 에듀파크,1909.793,8.732164418,6.8,279.0,4.0,1,3.0,180,7,0.1558580491093388,0.6505346787312565,4,0.928836,0.2297901392294814,1.0361828670700768
180,신갈동,양현마을풍림신안아파트,1878.878,9.000310458,5.6,776.0,14.0,4,10.0,181,15,0.1533293930522035,0.5400417885712256,1,1.147635,0.5043824531195484,1.1977536347429776
181,신갈동,도현마을현대아이파크아파트,1867.91,8.22379543,8.2,568.0,16.0,10,6.0,182,15,0.1524322783947667,0.5400417885712256,1,1.147635,0.5043824531195484,1.1968565200855408
182,상하동,대우아파트,1866.479,9.017852827,3.6,432.0,5.0,0,5.0,183,26,0.15231523143317,0.3376453441487402,3,0.745736,0.0,0.4899605755819103
183,보라동,한보라에듀포레아파트,1865.876,8.083525777,5.0,446.0,8.0,0,8.0,184,11,0.1522659097575287,0.5910901009983927,3,0.745736,0.0,0.7433560107559214
184,죽전2동,인현마을힐스테이트7차아파트,1855.516,8.55707534,8.15,178.0,2.0,0,2.0,185,31,0.1514185257448513,0.1592021435625995,4,0.928836,0.2297901392294814,0.5404108085369324
185,동천동,원천마을 푸르지오아파트,1850.948,8.984324021,7.9,190.0,2.0,1,1.0,186,2,0.1510448915585665,0.8831808509672122,4,0.928836,0.2297901392294814,1.2640158817552605
186,죽전1동,꽃메마을아이파크,1837.746,10.07094936,8.1,374.0,11.0,5,6.0,187,2,0.1499650494991682,0.8940924713874427,4,0.928836,0.2297901392294814,1.2738476601160924
187,마북동,교동마을 신창아파트,1832.863,9.306326838,4.3,490.0,4.0,1,3.0,188,16,0.1495656502584439,0.5017948501296211,3,0.745736,0.0,0.651360500388065
188,동백1동,백현마을한라비발디,1820.411,9.565628583,5.7,342.0,6.0,4,2.0,189,16,0.1485471535667587,0.5344037808856225,3,0.745736,0.0,0.6829509344523812
189,마북동,구성우림아파트,1817.032,10.04095333,7.0,362.0,5.0,0,5.0,190,16,0.1482707722367551,0.5017948501296211,4,0.928836,0.2297901392294814,0.8798557615958577
190,마북동,교동마을 엘지자이아파트,1814.753,7.912419219,5.6,450.0,10.0,12,0.0,191,16,0.1480843641127308,0.5017948501296211,2,1.095576,0.4390485106938384,1.0889277249361904
191,신봉동,신봉마을 자이3차,1795.038,8.431826033,8.0,401.0,7.0,0,7.0,192,9,0.1464717988801116,0.616302278285991,4,0.928836,0.2297901392294814,0.992564216395584
192,동천동,동천마을현대홈타운아파트,1782.834,8.611387104,10.55,466.0,8.0,2,6.0,193,2,0.1454735870566836,0.8831808509672122,5,1.38777,0.8057514049702941,1.8344058429941896
193,성복동,성복센트럴자이,1771.804,9.39190106,13.0,500.0,18.0,9,9.0,194,1,0.1445714011821824,1.0,5,1.38777,0.8057514049702941,1.9503228061524764
194,신봉동,신봉마을 동부센트레빌 5단지,1770.465,6.948787014,9.8,490.0,17.0,16,1.0,195,9,0.1444618792523586,0.616302278285991,5,1.38777,0.8057514049702941,1.5665155625086438
195,서농동,서천마을 쌍용예가4단지아파트,1767.618,7.052177947,6.5,556.0,10.0,1,9.0,196,28,0.1442290122365195,0.3073029322091238,2,1.095576,0.4390485106938384,0.8905804551394818
196,신갈동,갈현마을 현대홈타운,1735.95,8.611767579,5.8,584.0,10.0,2,8.0,197,15,0.1416387654302003,0.5400417885712256,1,1.147635,0.5043824531195484,1.1860630071209743
197,동백2동,어은목마을 벽산블루밍아파트,1731.572,6.550909859,7.1,533.0,14.0,0,14.0,198,21,0.1412806720704028,0.3899033082653352,2,1.095576,0.4390485106938384,0.9702324910295764
198,신갈동,기흥파크뷰,1716.57,7.858006651,6.45,915.0,17.0,9,8.0,199,15,0.140053601128493,0.5400417885712256,1,1.147635,0.5043824531195484,1.184477842819267
199,신갈동,신미주아파트,1705.522,9.477473418,3.25,247.0,1.0,0,1.0,200,15,0.1391499429651667,0.5400417885712256,3,0.745736,0.0,0.6791917315363925
200,동천동,한빛마을 래미안 이스트팰리스 2단지,1705.112,9.362836055,13.5,428.0,14.0,7,7.0,201,2,0.1391164074974835,0.8831808509672122,5,1.38777,0.8057514049702941,1.82804866343499
201,상현1동,풍산아파트,1689.557,8.177728398,6.5,438.0,5.0,3,2.0,202,2,0.1378441045711132,0.8680035220313121,2,1.095576,0.4390485106938384,1.444896137296264
202,기흥동,매화마을 우림홀인원아파트,1668.76,10.0283054,3.8,299.0,6.0,5,1.0,203,25,0.1361430384213399,0.3336006988047266,3,0.745736,0.0,0.4697437372260665
203,상현1동,서원마을3단지 아이파크,1666.187,7.519394271,8.9,438.0,13.0,10,3.0,204,2,0.135932582913172,0.8680035220313121,2,1.095576,0.4390485106938384,1.4429846156383226
204,구성동,물푸레마을 호반베르디움8단지아파트,1659.805,9.687948704,7.25,308.0,9.0,0,9.0,205,9,0.1354105747308451,0.5994869985848914,4,0.928836,0.2297901392294814,0.964687712545218
205,유림동,예진마을인정피렌체빌리지II아파트,1646.698,7.023983653,3.47,416.0,9.0,0,9.0,206,13,0.1343385030846904,0.5798741685299538,2,1.095576,0.4390485106938384,1.1532611823084826
206,신갈동,기흥역롯데캐슬스카이,1631.269,8.69796034,7.1,625.0,14.0,16,0.0,207,15,0.1330765061800959,0.5400417885712256,1,1.147635,0.5043824531195484,1.17750074787087
207,동백3동,어정마을 서희삼정그린뷰아파트,1616.511,8.386838381,4.5,390.0,8.0,10,0.0,208,24,0.1318693929311487,0.3674546176041567,3,0.745736,0.0,0.4993240105353055
208,동백3동,동원마을 동원로얄듀크아파트,1602.228,10.0095499,6.5,477.0,14.0,7,7.0,209,24,0.1307011317484198,0.3674546176041567,4,0.928836,0.2297901392294814,0.727945888582058
209,영덕1동,흥덕우미린 레이크포레,1600.576,8.2303633,7.5,486.0,11.0,0,11.0,210,12,0.1305660083518037,0.6173161457275348,1,1.147635,0.5043824531195484,1.252264607198887
210,영덕1동,호반써밋 레이크파크,1597.864,6.506611551,8.0,527.0,10.0,6,4.0,211,12,0.130344183502153,0.6173161457275348,2,1.095576,0.4390485106938384,1.1867088399235262
211,구갈동,강남마을자연&아이원4단지아파트,1596.819,8.508629675,6.5,781.0,21.0,9,12.0,212,6,0.1302587089564727,0.7051588311823876,1,1.147635,0.5043824531195484,1.3397999932584088
212,동천동,한빛마을 래미안 이스트팰리스 3단지,1595.997,9.297466602,11.65,885.0,31.0,12,19.0,213,2,0.1301914744334591,0.8831808509672122,5,1.38777,0.8057514049702941,1.8191237303709653
213,영덕2동,청현마을대명레이크빌,1586.676,7.360161022,4.8,401.0,7.0,5,2.0,214,22,0.1294290742035203,0.3719954850715014,2,1.095576,0.4390485106938384,0.9404730699688602
214,보정동,신촌마을 상록데시앙,1584.818,10.26777344,8.0,230.0,4.0,3,1.0,215,14,0.129277101279239,0.5701638202252555,4,0.928836,0.2297901392294814,0.929231060733976
215,풍덕천1동,한국아파트,1584.066,7.225450256,9.5,416.0,5.0,0,5.0,216,18,0.1292155923238786,0.456235658031879,5,1.38777,0.8057514049702941,1.3912026553260517
216,유림동,보평마을삼정그린뷰아파트,1567.4,10.02786049,3.2,360.0,7.0,0,7.0,217,13,0.1278524164594692,0.5798741685299538,3,0.745736,0.0,0.707726584989423
217,죽전1동,도담마을7단지뜨리에체아파트,1565.578,8.620814267,6.5,430.0,7.0,5,2.0,218,2,0.1277033881128381,0.8940924713874427,4,0.928836,0.2297901392294814,1.2515859987297624
218,유림동,양우내안애에듀퍼스트,1541.568,6.55802496,5.0,1098.0,23.0,10,13.0,219,13,0.1257395184077817,0.5798741685299538,1,1.147635,0.5043824531195484,1.2099961400572838
219,영덕1동,흥덕마을8단지 한국 아델리움,1537.361,6.950828252,7.8,474.0,9.0,0,9.0,220,12,0.1253954117918229,0.6173161457275348,2,1.095576,0.4390485106938384,1.181760068213196
220,신봉동,광교산자이,1501.266,9.474129775,8.7,445.0,10.0,12,0.0,221,9,0.1224430637283489,0.616302278285991,4,0.928836,0.2297901392294814,0.9685354812438214
221,상하동,지석마을 진흥더루벤스,1494.312,7.639504464,12.0,525.5,17.0,5,12.0,222,26,0.1218742694789127,0.3376453441487402,5,1.38777,0.8057514049702941,1.265271018597947
222,구갈동,한성아파트,1468.649,8.368042913,6.7,570.0,8.0,0,8.0,223,6,0.1197751945834166,0.7051588311823876,1,1.147635,0.5043824531195484,1.3293164788853526
223,죽전1동,도담마을 휴먼빌 아파트,1460.99,6.046103475,7.8,260.0,4.0,5,0.0,224,2,0.1191487356883301,0.8940924713874427,2,1.095576,0.4390485106938384,1.4522897177696112
224,풍덕천2동,신정마을현대프라임아파트,1460.007,7.681500222,11.5,462.0,15.0,8,7.0,225,7,0.1190683323597141,0.6505346787312565,5,1.38777,0.8057514049702941,1.5753544160612647
225,보정동,신촌마을 포스홈타운2단지,1443.485,8.372439221,11.8,423.0,15.0,0,15.0,226,14,0.1177169348059056,0.5701638202252555,5,1.38777,0.8057514049702941,1.4936321600014553
226,보라동,보라마을 현대모닝사이드2차아파트,1412.1,9.124227756,5.5,771.0,23.0,8,15.0,227,11,0.1151498356516701,0.5910901009983927,1,1.147635,0.5043824531195484,1.2106223897696111
227,상현2동,상현마을현대성우아파트,1399.022,7.928854285,6.8,470.0,14.0,0,14.0,228,8,0.1140801360264004,0.6139517690246146,2,1.095576,0.4390485106938384,1.1670804157448535
228,동백2동,어은목마을대원칸타빌,1389.048,6.166903004,9.5,432.0,15.0,4,11.0,229,21,0.1132643244296393,0.3899033082653352,2,1.095576,0.4390485106938384,0.9422161433888132
229,동백2동,백현마을상록롯데캐슬,1388.812,7.111814766,6.1,295.0,7.0,5,2.0,230,21,0.1132450210872656,0.3899033082653352,2,1.095576,0.4390485106938384,0.9421968400464392
230,상하동,갈천마을신일유토빌아파트,1375.723,8.152993919,5.8,510.0,13.0,10,3.0,231,26,0.112174421729936,0.3376453441487402,1,1.147635,0.5043824531195484,0.9542022189982248
231,보정동,신촌마을 포스홈타운1단지,1372.038,8.143226713,11.4,884.0,32.0,10,22.0,232,14,0.1118730114899055,0.5701638202252555,5,1.38777,0.8057514049702941,1.4877882366854551
232,죽전2동,현암마을동성2차아파트,1335.614,7.601063946,7.5,838.0,16.0,0,16.0,233,31,0.1088937532584614,0.1592021435625995,1,1.147635,0.5043824531195484,0.7724783499406094
233,상현1동,광교쌍용포레듀엔A,1332.402,8.128552164,8.2,421.0,15.0,10,5.0,234,2,0.108631031497002,0.8680035220313121,4,0.928836,0.2297901392294814,1.2064246927577955
234,구갈동,기흥구갈한양수자인아파트,1325.587,7.930220009,6.9,624.0,10.0,0,10.0,235,6,0.1080736065890486,0.7051588311823876,1,1.147635,0.5043824531195484,1.3176148908909848
235,신봉동,서홍마을 벽산블루밍,1303.285,9.330640954,6.8,246.0,3.0,5,0.0,236,9,0.106249440734731,0.616302278285991,4,0.928836,0.2297901392294814,0.9523418582502036
236,신봉동,서홍마을 한일아파트,1296.586,5.633544865,6.9,296.0,5.0,2,3.0,237,9,0.1057015039103173,0.616302278285991,2,1.095576,0.4390485106938384,1.1610522928901468
237,구갈동,한성2차아파트,1296.026,7.276280475,6.1,384.0,1.0,0,1.0,238,6,0.1056556993690915,0.7051588311823876,2,1.095576,0.4390485106938384,1.2498630412453176
238,보정동,죽전자이2차,1293.357,11.09065169,7.6,275.0,7.0,0,7.0,239,14,0.1054373916538563,0.5701638202252555,4,0.928836,0.2297901392294814,0.9053913511085931
239,영덕2동,청현마을태영데시앙아파트,1283.162,10.93724942,5.0,400.0,7.0,8,0.0,240,22,0.1046035036220758,0.3719954850715014,3,0.745736,0.0,0.4765989886935772
240,죽전2동,블루밍벽산4단지아파트,1274.392,9.586306748,7.55,465.0,9.0,6,3.0,241,31,0.1038861717889503,0.1592021435625995,4,0.928836,0.2297901392294814,0.4928784545810313
241,모현읍,효천마을신안인스빌,1269.587,7.86884344,4.0,862.0,19.0,10,9.0,242,22,0.1034931524664682,0.4072787376241367,1,1.147635,0.5043824531195484,1.0151543432101533
242,풍덕천1동,1지구동부아파트,1268.078,8.640496388,6.8,612.0,7.0,0,7.0,243,18,0.1033697255866293,0.456235658031879,1,1.147635,0.5043824531195484,1.0639878367380569
243,상현1동,광교현대프레미오아파트,1264.325,9.493129591,8.8,300.0,12.0,1,11.0,244,2,0.1030627533665928,0.8680035220313121,4,0.928836,0.2297901392294814,1.2008564146273866
244,보정동,연원마을삼성명가타운아파트,1264.2,7.207498971,8.7,424.0,9.0,5,4.0,245,14,0.1030525291386406,0.5701638202252555,2,1.095576,0.4390485106938384,1.1122648600577345
245,성복동,성복역 KCC스위첸,1243.733,13.67858616,9.0,188.0,3.0,4,0.0,246,1,0.1013784549506611,1.0,4,0.928836,0.2297901392294814,1.3311685941801426
246,보정동,죽전누리에뜰,1229.23,7.810680331,9.0,200.0,4.0,4,0.0,247,14,0.1001921991267364,0.5701638202252555,4,0.928836,0.2297901392294814,0.9001461585814733
247,죽전1동,도담마을 한양수자인,1225.873,10.03576967,6.0,332.0,5.0,2,3.0,248,2,0.0999176172608524,0.8940924713874427,4,0.928836,0.2297901392294814,1.2238002278777766
248,구갈동,힐스테이트 기흥,1168.868,7.506011838,10.5,976.0,23.0,6,17.0,249,6,0.0952549603455363,0.7051588311823876,5,1.38777,0.8057514049702941,1.606165196498218
249,기흥동,한보라마을경남아너스빌,1151.589,7.654028337,4.35,600.0,9.0,7,2.0,250,25,0.0938416448672494,0.3336006988047266,3,0.745736,0.0,0.427442343671976
250,유림동,임원마을아이닉스영화아파트,1140.477,7.09101789,3.5,513.0,11.0,6,5.0,251,13,0.0929327518992116,0.5798741685299538,2,1.095576,0.4390485106938384,1.1118554311230038
251,역삼동,용인 행정타운 두산위브 2단지,1134.71,8.685142438,5.1,624.0,15.0,8,7.0,252,5,0.0924610469184095,0.8060494940700504,1,1.147635,0.5043824531195484,1.4028929941080084
252,영덕1동,흥덕마을 13단지 경남아너스빌,1114.788,6.091025271,7.45,368.0,13.0,0,13.0,253,12,0.0908315503643015,0.6173161457275348,2,1.095576,0.4390485106938384,1.147196206785675
253,마북동,구성파라곤아파트,1108.975,11.26657698,8.4,278.0,8.0,5,3.0,254,16,0.0903560828676129,0.5017948501296211,4,0.928836,0.2297901392294814,0.8219410722267154
254,풍덕천2동,정자뜰마을태영데시앙2차아파트,1083.248,9.89418187,9.5,249.0,3.0,0,3.0,255,7,0.0882517731674052,0.6505346787312565,4,0.928836,0.2297901392294814,0.9685765911281432
255,역삼동,용인 행정타운 두산위브 3단지,1083.112,8.110973343,5.2,470.0,13.0,0,13.0,256,5,0.0882406492073933,0.8060494940700504,3,0.745736,0.0,0.8942901432774437
256,신봉동,신봉마을 용인신봉 센트레빌 1단지,1079.43,7.872732455,9.4,298.0,4.0,5,0.0,257,9,0.0879394843488336,0.616302278285991,4,0.928836,0.2297901392294814,0.9340319018643062
257,기흥동,한보라마을휴먼시아7단지아파트,1079.13,9.575204385,5.0,851.0,14.0,0,14.0,258,25,0.0879149462017483,0.3336006988047266,1,1.147635,0.5043824531195484,0.9258980981260234
258,죽전1동,공동주택,1067.831,7.800315481,6.35,538.0,9.0,0,9.0,259,2,0.0869907577886941,0.8940924713874427,1,1.147635,0.5043824531195484,1.485465682295685
259,신봉동,웰스톤시티,1067.58,9.518851609,1.1,265.0,3.0,0,3.0,260,9,0.0869702275389661,0.616302278285991,3,0.745736,0.0,0.7032725058249572
260,죽전2동,죽전 아이뷰,1066.083,8.503877509,7.2,432.0,8.0,10,0.0,261,31,0.0868477821850107,0.1592021435625995,4,0.928836,0.2297901392294814,0.4758400649770917
261,죽전1동,꽃메마을한라신영프로방스,1046.907,7.794410382,11.5,388.0,12.0,2,10.0,262,2,0.0852793038233214,0.8940924713874427,5,1.38777,0.8057514049702941,1.785123180181058
262,마북동,연원마을 엘지자이아파트,1033.186,8.982501605,10.2,396.0,9.0,3,6.0,263,16,0.0841570107694655,0.5017948501296211,4,0.928836,0.2297901392294814,0.8157420001285681
263,신갈동,새릉골풍림아파트,1022.383,7.234639525,7.8,340.0,5.0,4,1.0,264,15,0.0832733920929256,0.5400417885712256,2,1.095576,0.4390485106938384,1.0623636913579897
264,동천동,수진마을 우미 이노스빌,1014.141,8.666033107,7.8,396.0,7.0,0,7.0,265,2,0.0825992473986701,0.8831808509672122,4,0.928836,0.2297901392294814,1.1955702375953638
265,신갈동,신갈현대아파트,1006.377,10.46321232,4.7,293.0,3.0,3,0.0,266,15,0.0819642001521037,0.5400417885712256,3,0.745736,0.0,0.6220059887233295
266,동천동,동천파크자이,997.139,8.07781048,8.0,388.0,8.0,15,0.0,267,2,0.0812085888095252,0.8831808509672122,4,0.928836,0.2297901392294814,1.1941795790062188
267,동백2동,어은목마을한라비발디,993.184,8.866272846,7.5,248.0,8.0,6,2.0,268,21,0.080885094237118,0.3899033082653352,4,0.928836,0.2297901392294814,0.7005785417319347
268,중앙동,김량장동 어울림아파트,990.678,9.639795473,4.1,484.0,10.0,7,3.0,269,28,0.0806801189151325,0.2465711427021494,3,0.745736,0.0,0.3272512616172819
269,이동읍,한천마을 금광베네스타아파트,990.043,8.992959305,3.0,460.0,9.0,1,8.0,270,28,0.0806281798371354,0.2879992091940163,3,0.745736,0.0,0.3686273890311516
270,서농동,용인서천 효성해링턴플레이스,983.316,7.593198687,7.0,458.0,9.0,0,9.0,271,28,0.0800779527856604,0.3073029322091238,2,1.095576,0.4390485106938384,0.8264293956886226
271,동부동,마평우성아파트,970.186,8.02017565,3.5,358.0,5.0,2,3.0,272,32,0.0790039998815625,0.1608690326873091,3,0.745736,0.0,0.2398730325688716
272,중앙동,스위트홈아파트,964.936,8.743359258,1.85,168.0,1.0,0,1.0,273,28,0.0785745823075706,0.2465711427021494,3,0.745736,0.0,0.32514572500972
273,죽전1동,내대지마을진흥더블파크,951.661,9.243689125,7.3,160.0,4.0,6,0.0,274,2,0.0774887692990481,0.8940924713874427,4,0.928836,0.2297901392294814,1.2013713799159724
274,영덕2동,용인기흥효성해링턴플레이스,947.339,8.368902981,6.7,1679.0,38.0,35,3.0,275,22,0.0771352563933733,0.3719954850715014,0,1.54255,1.0,1.4491307414648746
275,상현1동,광교마을46단지 광교스타클래스,938.757,8.295832561,11.25,220.0,6.0,2,4.0,276,2,0.0764333017990878,0.8680035220313121,5,1.38777,0.8057514049702941,1.750188228800694
276,신갈동,원대마을한신아파트,931.388,6.740501349,5.5,367.0,8.0,0,8.0,277,15,0.0758305631128504,0.5400417885712256,2,1.095576,0.4390485106938384,1.0549208623779145
277,보정동,꿈에그린아파트,926.894,10.42469534,11.0,379.0,10.0,1,9.0,278,14,0.0754629816695133,0.5701638202252555,4,0.928836,0.2297901392294814,0.8754169411242503
278,유림동,이삭아파트,917.901,8.940952601,2.8,300.0,5.0,0,5.0,279,13,0.0747274098137211,0.5798741685299538,3,0.745736,0.0,0.6546015783436748
279,상현2동,성복역 아이파크,915.328,9.415869842,7.7,584.0,13.0,6,7.0,280,8,0.0745169543055532,0.6139517690246146,4,0.928836,0.2297901392294814,0.9182588625596492
280,동백1동,호수마을동보노빌리티,894.041,7.95003687,5.6,481.0,11.0,0,11.0,281,16,0.0727758091822073,0.5344037808856225,2,1.095576,0.4390485106938384,1.0462281007616685
281,동천동,한빛마을 래미안 이스트팰리스 4단지,874.217,8.517517819,14.5,620.0,26.0,20,6.0,282,2,0.0711543284228138,0.8831808509672122,5,1.38777,0.8057514049702941,1.7600865843603202
282,구갈동,세종그랑시아2차아파트,872.397,7.700973642,7.05,194.0,3.0,0,3.0,283,6,0.07100546366383,0.7051588311823876,2,1.095576,0.4390485106938384,1.2152128055400562
283,성복동,성복역 롯데캐슬 파크나인,865.319,7.925498235,12.0,534.0,13.0,19,0.0,284,1,0.0704265269802652,1.0,5,1.38777,0.8057514049702941,1.8761779319505596
284,유림동,성웅아파트,843.876,6.863834572,2.2,271.0,4.0,0,4.0,285,13,0.068672622020435,0.5798741685299538,3,0.745736,0.0,0.6485467905503888
285,상현2동,레이크포레 아파트,835.213,8.592715639,8.5,235.0,4.0,2,2.0,286,8,0.0679640421264365,0.6139517690246146,4,0.928836,0.2297901392294814,0.9117059503805326
286,동천동,행림마을진로아파트,834.026,5.660571114,6.5,269.0,4.0,2,2.0,287,2,0.0678669528578025,0.8831808509672122,2,1.095576,0.4390485106938384,1.3900963145188532
287,풍덕천2동,진산마을삼성래미안6차아파트,819.03,8.380927342,14.5,343.0,13.0,7,6.0,288,7,0.0666403726788344,0.6505346787312565,5,1.38777,0.8057514049702941,1.522926456380385
288,상현1동,서원마을 현대홈타운아파트,814.144,9.320469048,7.9,462.0,10.0,0,10.0,289,2,0.0662407280566392,0.8680035220313121,4,0.928836,0.2297901392294814,1.164034389317433
289,풍덕천1동,건영아파트,813.732,7.98303134,8.0,190.0,2.0,0,2.0,290,18,0.0662070290013088,0.456235658031879,4,0.928836,0.2297901392294814,0.7522328262626693
290,보정동,죽현마을동원로얄듀크아파트,800.433,9.444836641,10.4,706.0,17.0,26,0.0,291,14,0.0651192529410196,0.5701638202252555,5,1.38777,0.8057514049702941,1.4410344781365692
291,죽전1동,꽃메마을극동스타클래스,786.915,8.811608891,7.7,196.0,5.0,3,2.0,292,2,0.0640135640333581,0.8940924713874427,4,0.928836,0.2297901392294814,1.1878961746502823
292,서농동,힐스테이트 서천,769.838,7.840813345,8.2,754.0,17.0,4,13.0,293,28,0.0626167709074419,0.3073029322091238,1,1.147635,0.5043824531195484,0.8743021562361142
293,상현1동,상현마을 동일스위트,761.99,10.8862315,7.6,312.0,8.0,10,0.0,294,2,0.0619748529796917,0.8680035220313121,4,0.928836,0.2297901392294814,1.1597685142404854
294,죽전1동,대지마을 중앙하이츠빌,753.048,7.728805717,11.0,271.0,11.0,2,9.0,295,2,0.0612434526089039,0.8940924713874427,5,1.38777,0.8057514049702941,1.7610873289666409
295,신갈동,녹원마을새천년그린빌2단지아파트,744.514,9.342889925,6.1,238.0,3.0,0,3.0,296,15,0.0605454241181521,0.5400417885712256,4,0.928836,0.2297901392294814,0.8303773519188592
296,보라동,보라삼성래미안아파트,731.36,7.536840285,4.6,370.0,6.0,4,2.0,297,11,0.0594695081622874,0.5910901009983927,2,1.095576,0.4390485106938384,1.0896081198545184
297,기흥동,공세성원상떼레이크뷰아파트,723.999,7.428683672,10.0,345.0,19.0,0,19.0,298,25,0.0588674238266389,0.3336006988047266,5,1.38777,0.8057514049702941,1.1982195276016596
298,동백1동,호수마을상록롯데캐슬,722.506,8.45444543,6.5,552.0,12.0,0,12.0,299,16,0.058745305647978,0.5344037808856225,1,1.147635,0.5043824531195484,1.0975315396531489
299,신봉동,신봉마을 엘지빌리지5차,717.114,8.886058763,8.675,544.0,22.5,9,13.5,300,9,0.0583042733510324,0.616302278285991,4,0.928836,0.2297901392294814,0.9043966908665048
300,성복동,버들치마을 경남아너스빌2차,714.945,8.87013767,7.5,214.0,5.0,1,4.0,301,1,0.058126862547606,1.0,4,0.928836,0.2297901392294814,1.2879170017770876
301,죽전2동,창죽마을 벽산첼시빌아파트,705.22,7.714634895,13.5,179.0,6.0,4,2.0,302,31,0.0573314176129257,0.1592021435625995,5,1.38777,0.8057514049702941,1.022284966145819
302,동백1동,호수마을월드메르디앙,702.889,7.070795254,6.02,286.0,5.0,0,5.0,303,16,0.0571407562100733,0.5344037808856225,2,1.095576,0.4390485106938384,1.0305930477895342
303,동백3동,해든마을 동문굿모닝힐아파트,701.024,6.885352373,5.8,512.0,11.0,13,0.0,304,24,0.0569882107290267,0.3674546176041567,2,1.095576,0.4390485106938384,0.8634913390270219
304,동천동,동문그린빌아파트,692.572,7.521264965,6.55,227.0,3.0,4,0.0,305,2,0.0562968893318115,0.8831808509672122,2,1.095576,0.4390485106938384,1.3785262509928622
305,신갈동,산양마을대우푸르지오,687.762,7.84855083,8.5,346.0,11.0,18,0.0,306,15,0.0559034610402113,0.5400417885712256,4,0.928836,0.2297901392294814,0.8257353888409183
306,역삼동,용인 행정타운 두산위브 1단지,683.186,9.053006559,5.5,199.0,5.0,3,2.0,307,5,0.0555291725033375,0.8060494940700504,3,0.745736,0.0,0.861578666573388
307,상현2동,광교쌍용포레듀엔B,673.124,8.051651974,8.2,283.0,7.5,0,7.5,308,8,0.0547061630500982,0.6139517690246146,4,0.928836,0.2297901392294814,0.8984480713041942
308,기흥동,용인기흥벽산블루밍아파트,669.437,9.396618894,2.8,390.0,8.0,10,0.0,309,25,0.0544045892224204,0.3336006988047266,3,0.745736,0.0,0.388005288027147
309,신갈동,드림랜드아파트,667.92,9.539353246,5.9,299.0,3.0,0,3.0,310,15,0.0542805079919927,0.5400417885712256,4,0.928836,0.2297901392294814,0.8241124357926998
310,죽전1동,더 리버하임,661.736,7.844119095,6.6,336.0,5.0,4,1.0,311,2,0.053774694986742,0.8940924713874427,2,1.095576,0.4390485106938384,1.386915677068023
311,마북동,교동마을 마북e편한세상1차아파트,660.403,11.10708974,6.7,404.0,10.0,2,8.0,312,16,0.0536656638198599,0.5017948501296211,4,0.928836,0.2297901392294814,0.7852506531789625
312,영덕1동,광교레이크스위첸,656.977,7.224237876,7.5,502.0,10.0,4,6.0,313,12,0.0533854381801463,0.6173161457275348,2,1.095576,0.4390485106938384,1.1097500946015195
313,풍덕천1동,수지2차 삼성래미안,623.931,7.994645348,6.7,420.0,5.0,3,2.0,314,18,0.0506824794848821,0.456235658031879,2,1.095576,0.4390485106938384,0.9459666482105996
314,동백2동,초당마을삼부르네상스아파트,622.964,6.208679658,5.55,279.0,5.0,6,0.0,315,21,0.050603384857444,0.3899033082653352,2,1.095576,0.4390485106938384,0.8795552038166177
315,포곡읍,용인포곡삼성쉐르빌아파트,620.068,8.348546504,4.8,469.0,12.0,6,6.0,316,19,0.0503665099442476,0.4635589505943405,3,0.745736,0.0,0.5139254605385882
316,풍덕천2동,이스턴팰리스,607.529,9.86329566,11.0,174.0,9.0,0,9.0,317,7,0.0493408971899077,0.6505346787312565,4,0.928836,0.2297901392294814,0.9296657151506456
317,포곡읍,신원2차아파트,599.384,9.649708988,3.0,296.0,4.0,0,4.0,318,19,0.0486746864965431,0.4635589505943405,3,0.745736,0.0,0.5122336370908837
318,죽전1동,도담마을 롯데캐슬,598.772,7.286158644,8.5,231.0,5.0,3,2.0,319,2,0.0486246286764892,0.8940924713874427,2,1.095576,0.4390485106938384,1.3817656107577705
319,죽전1동,한신아파트,579.812,6.038845577,5.8,311.0,5.0,0,5.0,320,2,0.0470738177807012,0.8940924713874427,2,1.095576,0.4390485106938384,1.3802147998619825
320,동천동,더샵 동천이스트포레,577.018,8.405538546,9.1,980.0,23.0,18,5.0,321,2,0.0468452858375139,0.8831808509672122,1,1.147635,0.5043824531195484,1.434408589924275
321,서농동,서그내마을 서천아이파크아파트,547.229,7.835722445,8.6,243.0,7.0,4,3.0,322,28,0.0444087296257719,0.3073029322091238,4,0.928836,0.2297901392294814,0.5815018010643772
322,기흥동,화성파크드림프라브타운하우스,540.671,5.443949857,5.2,261.0,5.0,0,5.0,323,25,0.0438723257304883,0.3336006988047266,2,1.095576,0.4390485106938384,0.8165215352290534
323,유림동,고림지구 양우내안애 에듀파크,538.983,8.982237494,6.7,737.0,15.0,0,15.0,324,13,0.043734257756222,0.5798741685299538,1,1.147635,0.5043824531195484,1.1279908794057243
324,모현읍,풍산햇빛마을,536.502,9.352098047,3.2,330.0,5.0,0,5.0,325,22,0.0435313272798269,0.4072787376241367,3,0.745736,0.0,0.4508100649039636
325,죽전1동,도담마을 현대홈타운4차 1단지,532.445,8.403232011,8.4,351.0,10.0,3,7.0,326,2,0.0431994897374107,0.8940924713874427,4,0.928836,0.2297901392294814,1.1670821003543348
326,영덕1동,흥덕마을14단지 호반베르디움,532.286,7.666554137,8.5,236.0,8.0,5,3.0,327,12,0.0431864845194555,0.6173161457275348,2,1.095576,0.4390485106938384,1.0995511409408287
327,포곡읍,금전마을계룡리슈빌,527.95,6.175949591,4.3,441.0,8.0,2,6.0,328,19,0.04283182650025,0.4635589505943405,2,1.095576,0.4390485106938384,0.945439287788429
328,동부동,마평주공1단지아파트,523.817,8.491060705,3.5,639.0,9.0,0,9.0,329,32,0.0424937726272388,0.1608690326873091,3,0.745736,0.0,0.2033628053145479
329,동백2동,초당마을현진에버빌,516.734,6.355629155,6.4,320.0,10.0,5,5.0,330,21,0.041914426974556,0.3899033082653352,2,1.095576,0.4390485106938384,0.8708662459337297
330,동천동,수진마을신명스카이뷰,513.566,9.515897021,8.3,262.0,4.0,3,1.0,331,2,0.0416553041413358,0.8831808509672122,4,0.928836,0.2297901392294814,1.1546262943380294
331,풍덕천1동,수지파크푸르지오,503.86,8.744187432,9.1,430.0,9.0,6,3.0,332,18,0.0408614132893042,0.456235658031879,4,0.928836,0.2297901392294814,0.7268872105506647
332,마북동,구성역 효성해링턴플레이스,491.432,8.473092472,6.9,296.0,5.0,2,3.0,333,16,0.0398448796493858,0.5017948501296211,4,0.928836,0.2297901392294814,0.7714298690084884
333,마북동,용화마을 태영데시앙아파트,481.463,8.805375526,7.8,321.0,6.0,3,3.0,334,16,0.0390294770217429,0.5017948501296211,4,0.928836,0.2297901392294814,0.7706144663808454
334,역삼동,신성아파트,475.14,8.671627702,3.62,475.0,8.0,0,8.0,335,5,0.0385122946750094,0.8060494940700504,3,0.745736,0.0,0.8445617887450598
335,동백3동,신동백 두산위브더제니스,472.64,8.564579011,7.5,1187.0,27.0,21,6.0,336,24,0.0383078101159656,0.3674546176041567,0,1.54255,1.0,1.4057624277201224
336,기흥동,탑실마을 대주피오레1단지아파트,458.723,8.901732856,7.0,710.0,27.0,30,0.0,337,25,0.0371694854726807,0.3336006988047266,1,1.147635,0.5043824531195484,0.8751526373969558
337,풍덕천2동,신정마을극동임광아파트,458.409,7.688438808,11.5,424.0,13.0,4,9.0,338,7,0.0371438022120648,0.6505346787312565,5,1.38777,0.8057514049702941,1.4934298859136157
338,신봉동,광교산 한양수자인 더킨포크,458.291,8.020193601,6.3,294.0,5.0,2,3.0,339,9,0.037134150540878,0.616302278285991,2,1.095576,0.4390485106938384,1.0924849395207077
339,죽전1동,내대지마을주공아파트,455.879,10.18132966,7.6,225.0,3.0,0,3.0,340,2,0.0369368638383125,0.8940924713874427,4,0.928836,0.2297901392294814,1.160819474455237
340,동백2동,백현마을동일하이빌,408.413,7.283392209,7.5,743.0,18.0,5,13.0,341,21,0.0330544382064839,0.3899033082653352,1,1.147635,0.5043824531195484,0.9273401995913676
341,구성동,물푸레마을4단지 경남아너스빌아파트,406.885,8.627292311,6.07,240.0,7.0,3,4.0,342,9,0.0329294572439963,0.5994869985848914,4,0.928836,0.2297901392294814,0.8622065950583692
342,죽전1동,대지마을2차 현대홈타운,404.715,5.287117953,7.5,346.0,7.0,0,7.0,343,2,0.0327519646467463,0.8940924713874427,2,1.095576,0.4390485106938384,1.3658929467280276
343,풍덕천1동,풍덕천한샘더랜드마크,392.711,6.032405509,1.7,220.0,3.0,3,0.0,344,18,0.0317701115880418,0.456235658031879,2,1.095576,0.4390485106938384,0.9270542803137594
344,마북동,용인 마북 신원아침도시 아파트,388.32,12.94483931,6.5,180.0,2.0,0,2.0,345,16,0.0314109549085373,0.5017948501296211,4,0.928836,0.2297901392294814,0.7629959442676398
345,구갈동,가현마을신안아파트,382.629,8.303905332,8.3,364.0,10.0,1,9.0,346,6,0.03094546625833,0.7051588311823876,4,0.928836,0.2297901392294814,0.9658944366701993
346,동백3동,신동백동도센트리움아파트,381.0,8.085556929,1.95,254.0,2.0,0,2.0,347,24,0.0308122241196571,0.3674546176041567,3,0.745736,0.0,0.3982668417238139
347,동백3동,신동백 서해그랑블1단지아파트,355.706,7.364797888,6.0,236.0,6.0,2,4.0,348,24,0.0287433311450759,0.3674546176041567,2,1.095576,0.4390485106938384,0.8352464594430711
348,죽전1동,새터마을 모아미래도,348.838,9.031861796,6.6,252.0,4.0,5,0.0,349,2,0.0281815711644708,0.8940924713874427,4,0.928836,0.2297901392294814,1.152064181781395
349,구갈동,기흥우림아파트,333.767,9.313175873,5.3,150.0,1.0,0,1.0,350,6,0.0269488564487313,0.7051588311823876,3,0.745736,0.0,0.732107687631119
350,영덕1동,영통 빌리지,324.852,9.54205599,6.9,472.0,8.0,6,2.0,351,12,0.0262196645111812,0.6173161457275348,4,0.928836,0.2297901392294814,0.8733259494681975
351,구갈동,기흥역롯데캐슬레이시티,321.572,8.45314948,8.7,260.0,5.0,6,0.0,352,6,0.0259513807697158,0.7051588311823876,4,0.928836,0.2297901392294814,0.9609003511815848
352,동천동,동문굿모닝힐6차아파트,301.995,7.435225995,11.0,220.0,7.0,2,5.0,353,2,0.0243501030847559,0.8831808509672122,5,1.38777,0.8057514049702941,1.713282359022262
353,구갈동,기흥동부아파트,300.083,9.482300286,8.15,200.0,2.0,1,1.0,354,6,0.0241937132939992,0.7051588311823876,4,0.928836,0.2297901392294814,0.9591426837058684
354,중앙동,신우아파트,279.226,11.02543369,3.57,176.0,4.0,0,4.0,355,28,0.0224877395148088,0.2465711427021494,3,0.745736,0.0,0.2690588822169583
355,포곡읍,계수마을수목원우림필유,278.906,8.399673117,3.5,346.0,6.0,3,3.0,356,19,0.0224615654912512,0.4635589505943405,3,0.745736,0.0,0.4860205160855918
356,동부동,두보아파트,252.788,7.793318558,2.6,248.0,4.0,2,2.0,357,32,0.0203252744060091,0.1608690326873091,3,0.745736,0.0,0.1811943070933182
357,신갈동,용인기흥우방아이유쉘,245.105,7.707154235,4.7,400.0,7.0,0,7.0,358,15,0.0196968524591558,0.5400417885712256,2,1.095576,0.4390485106938384,0.99878715172422
358,동백2동,초당마을삼부르네상스아파트,244.068,3.797037433,5.5,289.0,5.0,4,1.0,359,21,0.0196120322640644,0.3899033082653352,2,1.095576,0.4390485106938384,0.8485638512232382
359,중앙동,용인웰메이드시티337,236.256,5.132110931,1.1,299.0,1.0,2,0.0,360,28,0.0189730589139645,0.2465711427021494,2,1.095576,0.4390485106938384,0.7045927123099524
360,죽전1동,성현마을광명샤인빌,234.56,7.911321345,4.8,192.0,3.0,2,1.0,361,2,0.0188343365891092,0.8940924713874427,3,0.745736,0.0,0.912926807976552
361,서농동,영통로 효성해링턴플레이스,230.995,7.481297187,5.75,640.0,13.0,7,6.0,362,28,0.0185427416079127,0.3073029322091238,1,1.147635,0.5043824531195484,0.830228126936585
362,이동읍,송전마을 세광엔리치타워,214.485,8.400112391,3.0,782.0,18.0,10,8.0,363,28,0.0171923255799877,0.2879992091940163,3,0.745736,0.0,0.305191534774004
363,이동읍,동아아파트,201.026,8.017422125,2.27,202.0,1.0,0,1.0,364,28,0.0160914625079196,0.2879992091940163,3,0.745736,0.0,0.304090671701936
364,보라동,삼정선비마을아파트,192.552,7.934121097,4.8,299.0,3.0,4,0.0,365,11,0.0153983416465849,0.5910901009983927,3,0.745736,0.0,0.6064884426449776
365,동천동,보뜨랑마을벽산블루밍아파트,182.674,7.009495059,7.1,182.0,2.0,2,0.0,366,2,0.0145903822568911,0.8831808509672122,2,1.095576,0.4390485106938384,1.3368197439179417
366,신봉동,신봉동 동도센트리움,180.754,5.367021552,7.45,184.0,3.0,6,0.0,367,9,0.0144333381155455,0.616302278285991,2,1.095576,0.4390485106938384,1.069784127095375
367,동백3동,하우스디동백카바나아파트,178.821,8.760442006,5.7,284.0,5.0,8,0.0,368,24,0.0142752306544929,0.3674546176041567,3,0.745736,0.0,0.3817298482586497
368,상현1동,광교마을46단지 광교스타클래스,178.195,12.57301797,13.6,168.0,5.0,3,2.0,369,2,0.0142240277209083,0.8680035220313121,4,0.928836,0.2297901392294814,1.112017688981702
369,이동읍,샘골마을풍성신미주아파트2단지,173.173,9.046024833,2.55,234.0,3.0,0,3.0,370,28,0.0138132591387012,0.2879992091940163,3,0.745736,0.0,0.3018124683327175
370,포곡읍,배머루마을 인정베네치아빌리지,170.366,8.569378948,3.47,347.0,7.0,0,7.0,371,19,0.0135836638758068,0.4635589505943405,3,0.745736,0.0,0.4771426144701474
371,상현2동,용인수지 동도 센트리움,157.419,10.71406882,4.2,168.0,2.0,0,2.0,372,8,0.0125246792414309,0.6139517690246146,3,0.745736,0.0,0.6264764482660455
372,상현2동,더샵수지포레,137.706,7.896215444,10.5,479.0,10.0,16,0.0,373,8,0.010912277596459,0.6139517690246146,5,1.38777,0.8057514049702941,1.4306154515913678
373,기흥동,기흥고매동성아파트,136.292,10.30754305,2.7,216.0,3.0,1,2.0,374,25,0.0107966211298638,0.3336006988047266,3,0.745736,0.0,0.3443973199345905
374,기흥동,매화마을 우남퍼스트빌아파트,126.291,8.786779486,4.0,166.0,2.0,0,2.0,375,25,0.0099786010998651,0.3336006988047266,3,0.745736,0.0,0.3435792999045918
375,풍덕천2동,진산마을삼성래미안7차아파트,113.519,7.705461384,14.8,501.0,24.0,0,24.0,376,7,0.0089339303846223,0.6505346787312565,5,1.38777,0.8057514049702941,1.4652200140861729
376,유림동,인정프린스아파트3차,100.182,8.645315526,2.35,380.0,2.0,0,2.0,377,13,0.0078430461590356,0.5798741685299538,3,0.745736,0.0,0.5877172146889894
377,역삼동,보성아파트,93.788,8.747343007,5.5,162.0,3.0,4,0.0,378,5,0.0073200564508253,0.8060494940700504,3,0.745736,0.0,0.8133695505208758
378,상현1동,상현마을 금호베스트빌 3단지,92.164,7.154632875,7.9,159.0,4.0,2,2.0,379,2,0.0071872232812704,0.8680035220313121,2,1.095576,0.4390485106938384,1.314239256006421
379,기흥동,세원아파트,75.09,12.82990957,2.9,320.0,5.0,0,5.0,380,25,0.0057906755368251,0.3336006988047266,3,0.745736,0.0,0.3393913743415517
380,양지면,양지마을 신원아침도시,72.338,8.182793306,3.5,156.0,2.0,0,2.0,381,26,0.0055655789342297,0.3102964656031698,3,0.745736,0.0,0.3158620445373996
381,역삼동,행정타운늘푸른오스카빌,67.481,8.269135534,3.7,675.0,15.0,3,12.0,382,5,0.0051683063329195,0.8060494940700504,3,0.745736,0.0,0.81121780040297
382,역삼동,역북마을금강아파트,64.701,8.392165208,4.5,150.0,2.0,8,0.0,383,5,0.0049409195032628,0.8060494940700504,3,0.745736,0.0,0.8109904135733133
383,상현2동,진산마을성원상떼빌아파트,62.099,8.625065853,6.0,1744.0,33.0,18,15.0,384,8,0.00472809197421,0.6139517690246146,0,1.54255,1.0,1.6186798609988249
384,기흥동,기흥써니밸리아파트,61.074,7.561474719,4.3,171.0,2.0,1,1.0,385,25,0.0046442533050021,0.3336006988047266,2,1.095576,0.4390485106938384,0.7772934628035671
385,중앙동,삼환아파트,59.371,5.314734581,3.8,180.0,2.0,0,2.0,386,28,0.0045049584233815,0.2465711427021494,2,1.095576,0.4390485106938384,0.6901246118193693
386,중앙동,유메이드,46.407,4.745684918,8.5,299.0,1.0,0,1.0,387,28,0.0034445832940041,0.2465711427021494,2,1.095576,0.4390485106938384,0.689064236689992
387,영덕1동,우남퍼스트빌리젠트,38.124,10.34369386,18.0,153.0,8.0,5,3.0,388,12,0.0027670850529803,0.6173161457275348,5,1.38777,0.8057514049702941,1.4258346357508092
388,신갈동,이안 두드림기흥역,36.811,8.493683953,5.2,297.0,3.0,0,3.0,389,15,0.0026596897625705,0.5400417885712256,3,0.745736,0.0,0.5427014783337961
389,마북동,삼성래미안2차아파트,29.816,8.032840183,8.1,1219.0,28.0,31,0.0,390,16,0.002087541966366,0.5017948501296211,0,1.54255,1.0,1.5038823920959872
390,동부동,라이프아파트 101동,27.952,5.401831712,3.0,290.0,3.0,4,0.0,391,32,0.001935078279143,0.1608690326873091,2,1.095576,0.4390485106938384,0.6018526216602905
391,보정동,죽전역샬레파인비스타,16.65,6.976816817,7.9,155.0,2.0,3,0.0,392,14,0.0010106444846179,0.5701638202252555,2,1.095576,0.4390485106938384,1.0102229754037118
392,중앙동,구미마을 삼라 마이다스빌,16.51,5.455663234,3.2,159.0,2.0,0,2.0,393,28,0.0009991933493114,0.2465711427021494,2,1.095576,0.4390485106938384,0.6866188467452994
393,죽전1동,죽전역 솔하임,4.409,6.0,3.5,234.0,2.0,0,2.0,394,2,9.406289716013493e-06,0.8940924713874427,2,1.095576,0.4390485106938384,1.3331503883709972
394,유림동,인정프린스아파트2차,4.294,7.726693465,2.35,330.0,3.0,0,3.0,395,13,0.0,0.5798741685299538,3,0.745736,0.0,0.5798741685299538
