지명,도로명�,지번주�,위도,경도,활동지�,NUMPOINTS,chr_count
기흥구청,경기도 용인시 기흥구 관곡로 95,경기도 용인시 기흥구 구갈동 355번지,37.280129410000001,127.114659200000006,직장(업무시설),8989.655000000000655,0.000000000000000
(주)녹십자사옥,경기도 용인시 기흥구 이현로30번길 107,경기도 용인시 기흥구 보정동 303번지,37.318398729999998,127.101302099999998,직장(업무시설),5574.033000000000357,4.000000000000000
전형도,경기도 용인시 기흥구 관곡로 96,경기도 용인시 기흥구 구갈동 354-3번지,37.279959560000002,127.113215600000004,직장(업무시설),10024.170000000000073,0.000000000000000
한전기술정보센터,경기도 용인시 기흥구 용구대로 2354,경기도 용인시 기흥구 마북동 360-9번지,37.296874840000001,127.109913199999994,직장(업무시설),2214.546999999999571,0.000000000000000
청룡빌딩,경기도 용인시 기흥구 동탄기흥로 697,경기도 용인시 기흥구 고매동 696-1번지,37.222243980000002,127.097661700000003,직장(업무시설),974.723999999999819,0.000000000000000
중소기업은행,경기도 용인시 수지구 신수로 799,경기도 용인시 수지구 동천동 185-3번지,37.341283980000000,127.102054199999998,직장(업무시설),11698.890000000001237,0.000000000000000
삼성건설기술원,경기도 용인시 기흥구 공세로 150-20,경기도 용인시 기흥구 공세동 428-3번지,37.237188250000003,127.112601100000006,직장(업무시설),7582.098999999998341,0.000000000000000
조달청,경기도 용인시 수지구 손곡로 9,경기도 용인시 수지구 동천동 855번지,37.335373679999996,127.101606300000000,직장(업무시설),4034.592999999999847,0.000000000000000
삼성SDI(주)중앙연구소,경기도 용인시 기흥구 공세로 150-20,경기도 용인시 기흥구 공세동 428-5번지,37.237188250000003,127.112601100000006,직장(업무시설),7582.098999999998341,0.000000000000000
한국전자파연구원,경기도 용인시 처인구 양지면 중부대로2517번길 42-27,경기도 용인시 처인구 양지면 제일리 66-6번지,37.244130960000000,127.313168599999997,직장(업무시설),591.059999999999945,0.000000000000000
대웅경영개발원,경기도 용인시 처인구 포곡읍 두계로 72,경기도 용인시 처인구 포곡읍 삼계리 503-1번지,37.282430529999999,127.240504500000000,직장(업무시설),107.802999999999997,0.000000000000000
삼성전자(주),경기도 용인시 기흥구 농서로153번길 8,경기도 용인시 기흥구 농서동 128번지,37.224077299999998,127.079365600000003,직장(업무시설),1305.332999999999402,0.000000000000000
현대자동차서비스(주),경기도 용인시 기흥구 중부대로 30,경기도 용인시 기흥구 영덕동 537-3번지,37.267042810000000,127.072385400000002,직장(업무시설),1399.858999999999924,1.000000000000000
용인농협,경기도 용인시 처인구 금령로55번길 2,경기도 용인시 처인구 김량장동 254-150번지,37.235160450000002,127.202627100000001,직장(업무시설),6390.279999999998836,0.000000000000000
용인우체국,경기도 용인시 처인구 중부대로1161번길 73,경기도 용인시 처인구 삼가동 558-2번지,37.241998049999999,127.180792299999993,직장(업무시설),2053.122000000000298,7.000000000000000
용인시정보문화기획단시립도서관,경기도 용인시 처인구 명지로 33-14,경기도 용인시 처인구 역북동 504-6번지,37.233046870000003,127.189211599999993,직장(업무시설),4261.643000000000939,5.000000000000000
로크웰삼성오토메이션(주),경기도 용인시 기흥구 탑실로 61,경기도 용인시 기흥구 공세동 447-6번지,37.241799899999997,127.114354599999999,직장(업무시설),3933.188999999999851,0.000000000000000
STX엔진(주)용인사업장,경기도 용인시 기흥구 구성로 288,경기도 용인시 기흥구 청덕동 418번지,37.289517719999999,127.140655800000005,직장(업무시설),671.669999999999959,0.000000000000000
케이티프리텔(용인국),경기도 용인시 기흥구 하갈로 200,경기도 용인시 기흥구 상갈동 228번지,37.263543910000003,127.101805600000006,직장(업무시설),849.836000000000126,7.000000000000000
TEL.KOREA본사,경기도 용인시 수지구 용구대로2771번길 85,경기도 용인시 수지구 동천동 325-230번지,37.337678009999998,127.104294999999993,직장(업무시설),7388.874000000000706,15.000000000000000
(주)세미냉장,경기도 용인시 기흥구 동탄기흥로681번길 1,경기도 용인시 기흥구 고매동 746번지,37.220191540000002,127.095225400000004,직장(업무시설),3759.816999999999553,0.000000000000000
SJ타워,경기도 용인시 기흥구 죽전로 39,경기도 용인시 기흥구 보정동 1207-3번지,37.320677119999999,127.112880300000000,직장(업무시설),16578.156000000002678,1.000000000000000
KTF 용인교환국,경기도 용인시 기흥구 하갈로 200,경기도 용인시 기흥구 상갈동 228번지,37.263543910000003,127.101805600000006,직장(업무시설),849.836000000000126,7.000000000000000
엑소후레쉬물류(주),경기도 용인시 기흥구 청명산로 2,경기도 용인시 기흥구 하갈동 250-1번지,37.255630640000000,127.093329900000001,직장(업무시설),5078.330999999999221,0.000000000000000
수지문화복지타운 수지구보건소,경기도 용인시 수지구 포은대로 435,경기도 용인시 수지구 풍덕천동 720번지,37.322096080000001,127.097414599999993,직장(업무시설),11131.222999999998137,2.000000000000000
기아자동차(주)인재개발원,경기도 용인시 처인구 남사면 처인성로 57,경기도 용인시 처인구 남사면 봉명리 44-1번지,37.110259110000001,127.138046599999996,직장(업무시설),721.813999999999965,1.000000000000000
르노삼성자동차중앙연구소,경기도 용인시 기흥구 탑실로 61,경기도 용인시 기흥구 공세동 447-4번지,37.241799899999997,127.114354599999999,직장(업무시설),3933.188999999999851,0.000000000000000
고등기술원연구관,경기도 용인시 처인구 백암면 고안로51번길 175-28,경기도 용인시 처인구 백암면 고안리 633-2번지,37.147231220000002,127.414526600000002,직장(업무시설),629.912000000000035,6.000000000000000
(주)티앤스페이스,경기도 용인시 기흥구 구성로 88,경기도 용인시 기흥구 언남동 412-2번지,37.294100219999997,127.118909099999996,직장(업무시설),6129.852000000001681,0.000000000000000
우리은행,경기도 용인시 처인구 금령로 89,경기도 용인시 처인구 김량장동 133-63번지,37.235551149999999,127.206008900000000,직장(업무시설),2005.161000000000058,8.000000000000000
(주)태준제약,경기도 용인시 처인구 남사면 경기동로 109-30,경기도 용인시 처인구 남사면 북리 704-1번지,37.147950889999997,127.137269399999994,직장(업무시설),132.683999999999997,0.000000000000000
용인시청,경기도 용인시 처인구 중부대로1161번길 69,경기도 용인시 처인구 삼가동 558번지 용인시청,37.242351110000001,127.179688700000000,직장(업무시설),2630.597999999999956,13.000000000000000
금호건설,경기도 용인시 처인구 양지면 양대로 387,경기도 용인시 처인구 양지면 대대리 668-2번지,37.256692649999998,127.279921700000003,직장(업무시설),21.515999999999998,0.000000000000000
대상(주)영업본부,경기도 용인시 처인구 원삼면 미평로 26,경기도 용인시 처인구 원삼면 좌항리 453-10번지,37.187229039999998,127.327249600000002,직장(업무시설),29.844000000000001,0.000000000000000
화산개발,,경기도 용인시 처인구 이동면 화산리 28-1번지,37.146475510000002,127.234878300000005,직장(업무시설),0.000000000000000,0.000000000000000
대한간호노인요양원,"경기도 용인시 처인구 낙은로 76-27 (역북동,외 3필지)",경기도 용인시 처인구 역북동 257-1번지 외 3필지,37.244827209999997,127.198009099999993,직장(업무시설),973.435999999999922,0.000000000000000
삼양농수산(주),경기도 용인시 기흥구 갈천로 106 (구갈동),경기도 용인시 기흥구 구갈동 457-1번지,37.271960010000001,127.111524099999997,직장(업무시설),2464.177999999999884,1.000000000000000
삼성전자(주)기흥공장,경기도 용인시 기흥구 삼성로 1 (농서동),경기도 용인시 기흥구 농서동 산 24번지,37.234462950000001,127.084278100000006,직장(업무시설),1636.686999999999898,0.000000000000000
삼성종합기술원,경기도 용인시 기흥구 삼성로 1 (농서동),경기도 용인시 기흥구 농서동 산 14-1번지 외18필지,37.234462950000001,127.084278100000006,직장(업무시설),1636.686999999999898,0.000000000000000
케이씨씨중앙연구소,경기도 용인시 기흥구 마북로240번길 17-3 (마북동),경기도 용인시 기흥구 마북동 83번지,37.312452680000000,127.137245699999994,직장(업무시설),2915.592999999999847,7.000000000000000
서울우유협동조합 제2공장,경기도 용인시 기흥구 구성로 15 (마북동),경기도 용인시 기흥구 마북동 355-3번지,37.296152659999997,127.111412200000004,직장(업무시설),8138.250000000000000,0.000000000000000
와이에스 인베스트먼트(주),경기도 용인시 기흥구 기흥단지로 406 (고매동),경기도 용인시 기흥구 고매동 5-73번지,37.220078180000002,127.138185899999996,직장(업무시설),61.129999999999995,0.000000000000000
용인지방공사,,경기도 용인시 처인구 김량장동 254-137번지,37.235216289999997,127.201567900000001,직장(업무시설),8447.021000000000640,0.000000000000000
한국전력공사용인지점,경기도 용인시 처인구 금령로78번길 5 (김량장동),경기도 용인시 처인구 김량장동 303-6번지,37.234578640000002,127.205656899999994,직장(업무시설),2254.162000000000262,8.000000000000000
경기도소방학교,,경기도 용인시 처인구 남사면 봉명리 646-2번지,37.123868750000000,127.117354700000007,직장(업무시설),838.039999999999964,0.000000000000000
처인구청,경기도 용인시 처인구 금령로 50 (김량장동),경기도 용인시 처인구 김량장동 286번지,37.234468530000001,127.201509599999994,직장(업무시설),11784.721999999999753,8.000000000000000
현대정보기술연구소,,경기도 용인시 기흥구 마북동 산 1-8번지,37.308592269999998,127.132794500000003,직장(업무시설),6519.695999999999003,5.000000000000000
현대자동차중앙연구소,,경기도 용인시 기흥구 마북동 산 1-1번지,37.309959530000000,127.142712200000005,직장(업무시설),1361.532000000000153,0.000000000000000
삼성에버랜드(주)유통사업부(시설),,경기도 용인시 기흥구 마북동 산 50번지,37.318343710000001,127.138688999999999,직장(업무시설),0.000000000000000,0.000000000000000
리베로 lll,경기도 용인시 기흥구 보정로 117 (보정동),경기도 용인시 기흥구 보정동 1266-1번지,37.319756790000000,127.114266599999993,직장(업무시설),16247.820999999999913,2.000000000000000
삼성휴먼센터체육관(삼성트레이닝센터),경기도 용인시 기흥구 보정로 5 (보정동),경기도 용인시 기흥구 보정동 1274번지,37.316066270000000,127.110301399999997,직장(업무시설),3216.896000000000186,0.000000000000000
삼성생명보험(주)트레이닝센타,경기도 용인시 기흥구 보정로 5 (보정동),경기도 용인시 기흥구 보정동 1274번지,37.316066270000000,127.110301399999997,직장(업무시설),3216.896000000000186,0.000000000000000
삼성생명보험(주)휴먼센타,,경기도 용인시 기흥구 보정동 568-1번지,37.316149340000003,127.108101700000006,직장(업무시설),407.046000000000049,0.000000000000000
동아제약상갈공장,경기도 용인시 기흥구 금화로105번길 21 (상갈동),경기도 용인시 기흥구 상갈동 47번지,37.264459029999998,127.106406399999997,직장(업무시설),6482.122999999999593,2.000000000000000
인디에프용인물류센타,경기도 용인시 기흥구 용구대로2469번길 15 (보정동),경기도 용인시 기흥구 보정동 619-4번지,37.308258989999999,127.105135399999995,직장(업무시설),3295.714000000000397,0.000000000000000
한일사료(주),경기도 용인시 기흥구 하갈로 127 (하갈동),경기도 용인시 기흥구 하갈동 213번지,37.259185199999997,127.099049399999998,직장(업무시설),10.657999999999999,0.000000000000000
아신물류(사옥),경기도 용인시 기흥구 하갈로15번길 34 (보라동),경기도 용인시 기흥구 보라동 465-3번지,37.249577150000000,127.102745400000003,직장(업무시설),5160.261000000000422,0.000000000000000
(주)아신(신갈센터),경기도 용인시 기흥구 신정로 268 (신갈동),경기도 용인시 기흥구 신갈동 297-1번지,37.291378450000003,127.099609099999995,직장(업무시설),1459.442000000000007,1.000000000000000
(주)신한은행연수원,경기도 용인시 기흥구 기흥단지로158번길 11 (고매동),경기도 용인시 기흥구 고매동 376-27번지,37.225408490000000,127.116054500000004,직장(업무시설),2548.114999999999782,0.000000000000000
대상(주)기흥공장,경기도 용인시 기흥구 동탄기흥로681번길 28 (농서동),경기도 용인시 기흥구 농서동 72-2번지,37.220212699999998,127.091113100000001,직장(업무시설),871.853000000000179,0.000000000000000
죽전쉐덴오피스텔,경기도 용인시 기흥구 진산로 222 (보정동),경기도 용인시 기흥구 보정동 1179번지,37.323122239999996,127.109217099999995,직장(업무시설),6871.438000000000102,6.000000000000000
(주)한화63시티인재개발원,경기도 용인시 기흥구 이현로30번길 45-45 (보정동),경기도 용인시 기흥구 보정동 418번지,37.312762560000003,127.096083100000001,직장(업무시설),1997.987000000000080,0.000000000000000
씨제이푸드시스템(주),경기도 용인시 기흥구 기곡로 32 (하갈동),경기도 용인시 기흥구 하갈동 156-2번지,37.249743850000002,127.097245200000003,직장(업무시설),378.651999999999987,0.000000000000000
일양유통(주),경기도 용인시 기흥구 하갈로 110 (하갈동),경기도 용인시 기흥구 하갈동 182-4번지,37.256877560000000,127.100275100000005,직장(업무시설),1024.644000000000005,0.000000000000000
수지문화복지타운 수지구청,경기도 용인시 수지구 포은대로 435 (풍덕천동),경기도 용인시 수지구 풍덕천동 720번지,37.322096080000001,127.097414599999993,직장(업무시설),11131.222999999998137,2.000000000000000
용인시립도서관수지분관,경기도 용인시 수지구 문정로7번길 23 (풍덕천동),경기도 용인시 수지구 풍덕천동 1088번지,37.319792049999997,127.094128699999999,직장(업무시설),7379.447000000000116,0.000000000000000
기아자동차주식회사,경기도 용인시 기흥구 중부대로 27 (영덕동),경기도 용인시 기흥구 영덕동 546번지,37.268403229999997,127.072612100000001,직장(업무시설),1035.561999999999898,1.000000000000000
용인운전면허시험장,경기도 용인시 기흥구 용구대로 2267 (신갈동),경기도 용인시 기흥구 신갈동 678번지,37.289181960000001,127.107827299999997,직장(업무시설),5948.000000000000000,2.000000000000000
(주)대우일렉트로닉스,경기도 용인시 처인구 남사면 경기동로 8,경기도 용인시 처인구 남사면 통삼리 638-1번지,37.147724109999999,127.130492799999999,직장(업무시설),319.635999999999910,0.000000000000000
동백노상,,경기도 용인시 기흥구 중동 1058,37.273820340000000,127.150812599999995,주차장,3124.998999999999796,7.000000000000000
행정타운 주변,경기도 용인시 처인구 중부대로 1199,경기도 용인시 처인구 삼가동 556,37.240867330000000,127.177968399999997,주차장,3850.909000000000106,6.000000000000000
국도 42호선 주변,,경기도 용인시 처인구 김량장동 380,37.233958649999998,127.197168700000006,주차장,10412.356000000007043,0.000000000000000
금학천노상주차장,,경기도 용인시 처인구 김량장동 224-2,37.236626510000001,127.203489500000003,주차장,2089.365999999999985,0.000000000000000
금호어울림 주변,,경기도 용인시 처인구 김량장동 381,37.235975259999996,127.194976199999999,주차장,13353.815000000000509,0.000000000000000
명지대사거리 주변,경기도 용인시 처인구 용문로 42,경기도 용인시 처인구 역북동 426-7,37.237359830000003,127.190372999999994,주차장,14001.370000000000800,0.000000000000000
문예회관 주변,경기도 용인시 처인구 중부대로1440번길 5,경기도 용인시 처인구 김량장동 384,37.232295899999997,127.204354499999994,주차장,5968.759999999999309,1.000000000000000
송전초등학교 주변,,경기도 용인시 처인구 이동읍 송전리 605-3,37.138213850000000,127.197531900000001,주차장,2946.550000000000637,0.000000000000000
양지천 노상주차장,,경기도 용인시 처인구 마평동 950,37.235118739999997,127.218963200000005,주차장,7803.904000000000451,0.000000000000000
오성웨딩홀 주변,,경기도 용인시 처인구 김량장동 382,37.235951020000002,127.202335000000005,주차장,4353.327999999999520,0.000000000000000
용인고등학교 주변,,경기도 용인시 처인구 역북동 484,37.238686370000003,127.191133899999997,주차장,10070.138999999999214,0.000000000000000
(구)용인교육청 앞,,경기도 용인시 처인구 김량장동 196-6,37.238832100000003,127.203408100000004,주차장,5307.987000000000080,0.000000000000000
처인구청 주변,,경기도 용인시 처인구 김량장동 383,37.233902850000000,127.202219600000006,주차장,12514.927999999998065,8.000000000000000
외대 진입로,,경기도 용인시 처인구 모현읍 왕산리 945-2,37.336743890000001,127.251787300000004,주차장,9976.220000000001164,0.000000000000000
처인성로 주변,,경기도 용인시 처인구 남사면 봉무리 652-1,37.113733680000003,127.151243399999998,주차장,1221.945000000000164,0.000000000000000
고당로 주변,,경기도 용인시 처인구 원삼면 고당리 308-3,37.164530380000002,127.306595799999997,주차장,12.528000000000000,0.000000000000000
(구)백암면사무소 주변,,경기도 용인시 처인구 백암면 백암리 375-15,37.165625009999999,127.372868900000000,주차장,2056.149999999999636,0.000000000000000
전대리,,경기도 용인시 처인구 포곡읍 전대리 546-53,37.288366189999998,127.215435999999997,주차장,2139.106999999999516,0.000000000000000
백원리,,경기도 용인시 처인구 백암면 백암리 363-16,37.166720280000000,127.374758600000007,주차장,105.500000000000014,0.000000000000000
용인시청 주변,,경기도 용인시 처인구 삼가동 559,37.241077429999997,127.175468499999994,주차장,6122.043000000000575,6.000000000000000
도사마을 진입로,,경기도 용인시 처인구 포곡읍 삼계리 607-1,37.295043520000000,127.234561200000002,주차장,99.365999999999985,0.000000000000000
용동중학교 주변,,경기도 용인시 처인구 양지면 남곡리 167-3,37.231851300000002,127.285073400000002,주차장,3315.392000000000735,0.000000000000000
구갈1리 소공원 주변,경기도 용인시 기흥구 신구로 39,경기도 용인시 기흥구 신갈동 47-2,37.275708930000000,127.109339500000004,주차장,16964.457999999995081,0.000000000000000
구갈2리 소공원 주변,,경기도 용인시 기흥구 구갈동 370-16,37.277472799999998,127.116738499999997,주차장,9881.012999999997191,0.000000000000000
구갈공원 주변,경기도 용인시 기흥구 관곡로85번길 3-6,경기도 용인시 기흥구 구갈동 359-10,37.281420879999999,127.114315800000000,주차장,9277.909000000001470,0.000000000000000
구성동 주민센터 앞,,경기도 용인시 기흥구 언남동 342-26,37.296126970000003,127.118737400000001,주차장,4487.362000000000990,1.000000000000000
기흥구청 인근 도로,,경기도 용인시 기흥구 구갈동 370-8,37.278001889999999,127.115937900000006,주차장,10889.019999999998618,0.000000000000000
구갈119안전센터 주변,경기도 용인시 기흥구 신구로64번길 5,경기도 용인시 기흥구 구갈동 398-3,37.277847110000003,127.110104399999997,주차장,12396.726000000002387,0.000000000000000
기흥중학교 주변,,경기도 용인시 기흥구 신갈동 82,37.278973649999998,127.106669600000004,주차장,11994.599000000003798,0.000000000000000
기흥구 맛깔촌 주변,경기도 용인시 기흥구 갈천로 76,경기도 용인시 기흥구 상갈동 101-12,37.270044140000003,127.107618599999995,주차장,4162.744000000000597,1.000000000000000
서천초등학교 주변,,경기도 용인시 기흥구 서천동 281-6,37.242617719999998,127.071925399999998,주차장,3482.008000000000720,0.000000000000000
신갈초등학교 주변,경기도 용인시 기흥구 신갈로84번길 15-1,경기도 용인시 기흥구 신갈동 40-30,37.274156980000001,127.107276200000001,주차장,11631.397999999997410,0.000000000000000
한신아파트 주변,경기도 용인시 기흥구 신갈로 102,경기도 용인시 기흥구 신갈동 17-15,37.276052049999997,127.106774099999996,주차장,14651.271999999993568,0.000000000000000
새천년로16번길 주변,경기도 용인시 기흥구 새천년로16번길 3-10,경기도 용인시 기흥구 신갈동 724,37.288591660000002,127.111524900000006,주차장,12918.950000000000728,0.000000000000000
신갈중학교 주변,,경기도 용인시 기흥구 신갈동 86-2,37.280212229999997,127.109580500000007,주차장,7056.739000000001397,0.000000000000000
신갈1리 소공원 주변,경기도 용인시 기흥구 상갈로23번길 17,경기도 용인시 기흥구 상갈동 102-1,37.268465679999998,127.105833899999993,주차장,10509.755999999999403,0.000000000000000
이례장로교회 주변,,경기도 용인시 기흥구 상갈동 153-2,37.267040559999998,127.106381999999996,주차장,11462.746999999997570,2.000000000000000
수원교회 인근,,경기도 용인시 기흥구 영덕동 1180,37.270048979999999,127.081512099999998,주차장,1110.311999999999898,0.000000000000000
유방공영,,경기도 용인시 처인구 유방동 287,37.259774589999999,127.216679700000000,주차장,2868.318000000000211,0.000000000000000
김량장 공영,,경기도 용인시 처인구 김량장동 505-1,37.232541099999999,127.198405800000003,주차장,20429.613999999994121,0.000000000000000
역북어린이공원,,경기도 용인시 처인구 역북동 725-1,37.234384570000003,127.190068999999994,주차장,6099.818999999998596,1.000000000000000
전대에버랜드역,경기도 용인시 처인구 포곡읍 에버랜드로 143,경기도 용인시 처인구 포곡읍 전대리 192-38,37.285546099999998,127.219645700000001,주차장,362.540000000000020,6.000000000000000
마평동 공영,,경기도 용인시 처인구 마평동 735-12,37.234366250000001,127.211302200000006,주차장,12313.899999999997817,1.000000000000000
탄천둔치,,경기도 용인시 기흥구 마북동 583-15,37.294100960000002,127.112069399999996,주차장,10069.672999999997046,1.000000000000000
영덕동 공영,,경기도 용인시 기흥구 영덕동 937-1,37.267710899999997,127.075474900000003,주차장,2232.207999999999629,1.000000000000000
용인종합운동장,경기도 용인시 처인구 경안천로 76,경기도 용인시 처인구 마평동 703,37.238546200000002,127.212483000000006,주차장,667.573000000000093,0.000000000000000
수지체육공원,,경기도 용인시 수지구 풍덕천동 35,37.327900100000001,127.097109399999994,주차장,9195.480000000001382,1.000000000000000
포곡읍,경기도 용인시 처인구 포곡읍 포곡로 258,경기도 용인시 처인구 포곡읍 삼계리 588-5,37.277817810000002,127.230823099999995,주차장,999.376000000000090,4.000000000000000
모현읍,경기도 용인시 처인구 모현읍 독점로 31-6,경기도 용인시 처인구 모현읍 갈담리 309,37.329533020000000,127.242361900000006,주차장,3833.222000000000207,0.000000000000000
남사면,경기도 용인시 처인구 남사면 내기로 22,경기도 용인시 처인구 남사면 봉무리 438-1,37.115681570000000,127.150503599999993,주차장,1157.762000000000171,0.000000000000000
이동읍,경기도 용인시 처인구 이동읍 경기동로 673,경기도 용인시 처인구 이동읍 송전리 750-3,37.141120379999997,127.196197299999994,주차장,3660.528000000000702,0.000000000000000
원삼면,경기도 용인시 처인구 원삼면 원양로 64,경기도 용인시 처인구 원삼면 고당리 88-1,37.166589430000002,127.313264599999997,주차장,2863.293000000000120,0.000000000000000
백암면,경기도 용인시 처인구 백암면 백암로 191-1,경기도 용인시 처인구 백암면 백암리 495-3,37.163840720000003,127.375111099999998,주차장,1444.516999999999825,0.000000000000000
양지면,,경기도 용인시 처인구 양지읍 양지리 701-9,37.235588010000001,127.279755899999998,주차장,4586.920000000000982,0.000000000000000
역삼동,경기도 용인시 처인구 명지로 16,경기도 용인시 처인구 역북동 744,37.234559779999998,127.188148200000001,주차장,12632.904999999998836,1.000000000000000
유림동,경기도 용인시 처인구 백옥대로 1315,경기도 용인시 처인구 유방동 475-20,37.252857790000000,127.212050000000005,주차장,284.822000000000003,1.000000000000000
동부동,경기도 용인시 처인구 중부대로 1574,경기도 용인시 처인구 마평동 533-8,37.232770289999998,127.219173999999995,주차장,6946.611999999999171,0.000000000000000
구갈동,,경기도 용인시 기흥구 구갈동 620,37.272850689999999,127.127423899999997,주차장,4418.913999999999760,1.000000000000000
상갈동,경기도 용인시 기흥구 상갈로 2,경기도 용인시 기흥구 상갈동 472-1,37.266579569999998,127.107693900000001,주차장,11662.306000000000495,2.000000000000000
기흥동,경기도 용인시 기흥구 고매로43번길 12-14,경기도 용인시 기흥구 공세동 191-3,37.231526879999997,127.115532299999998,주차장,3571.398000000000138,1.000000000000000
서농동,경기도 용인시 기흥구 덕영대로 1664,경기도 용인시 기흥구 서천동 335-2,37.246798910000003,127.073365800000005,주차장,1111.610000000000127,0.000000000000000
마북동,경기도 용인시 기흥구 구교동로118번길 16,경기도 용인시 기흥구 마북동 162-1,37.301579699999998,127.117446999999999,주차장,3047.952000000000226,0.000000000000000
동백동,경기도 용인시 기흥구 동백중앙로 214,경기도 용인시 기흥구 중동 866-1,37.272532570000003,127.151687300000006,주차장,4851.228999999999360,2.000000000000000
상하동,경기도 용인시 기흥구 어정로 62-23,경기도 용인시 기흥구 상하동 435-12,37.270513139999998,127.138397200000000,주차장,8661.836999999999534,1.000000000000000
풍덕천1동,경기도 용인시 수지구 수지로342번길 3,경기도 용인시 수지구 풍덕천동 701-1,37.327957410000003,127.095028700000000,주차장,15637.861999999997352,1.000000000000000
풍덕천2동,경기도 용인시 수지구 풍덕천로 51,경기도 용인시 수지구 풍덕천동 1051-2,37.319462280000003,127.088777699999994,주차장,11213.828999999999724,1.000000000000000
신봉동,경기도 용인시 수지구 수지로 215,경기도 용인시 수지구 신봉동 898,37.320665750000003,127.083639500000004,주차장,8319.066000000000713,3.000000000000000
죽전1동,경기도 용인시 수지구 대지로15번길 50,경기도 용인시 수지구 죽전동 1070-9,37.331050120000000,127.113996900000004,주차장,12229.942999999999302,1.000000000000000
동천동,경기도 용인시 수지구 신수로783번길 40,경기도 용인시 수지구 동천동 176-4,37.341860109999999,127.099238999999997,주차장,11530.554000000001906,1.000000000000000
상현1동,경기도 용인시 수지구 상현로 71,경기도 용인시 수지구 상현동 839,37.304627359999998,127.081146700000005,주차장,17353.727999999999156,1.000000000000000
성복동,,경기도 용인시 수지구 성복동 646-42,37.316636830000000,127.068770299999997,주차장,4728.649000000001251,1.000000000000000
기흥노상,경기도 용인시 기흥구 신갈로58번길,,37.272165960000002,127.106932400000005,주차장,4471.605999999999767,1.000000000000000
구갈로 노상,경기도 용인시 기흥구 구갈로72번길,,37.280753109999999,127.113611300000002,주차장,9500.072000000001935,0.000000000000000
누리에뜰 노상,,경기도 용인시 기흥구 보정동 1808,37.321860489999999,127.110498600000000,주차장,11332.886999999998807,4.000000000000000
수지 노상,,경기도 용인시 수지구 풍덕천동 789,37.325175969999997,127.099233600000005,주차장,11749.307999999997264,4.000000000000000
수지로 노상,경기도 용인시 수지구 수지로342번길,,37.326074679999998,127.096595600000001,주차장,17937.142999999996391,1.000000000000000
풍덕천공영,경기도 용인시 수지구 풍덕천로171번길 9-2,경기도 용인시 수지구 풍덕천동 1199,37.327083320000000,127.099729400000001,주차장,11899.052000000001499,0.000000000000000
중앙노외,경기도 용인시 처인구 금령로90번길 3-18,경기도 용인시 처인구 김량장동 89,37.235068579999997,127.207264899999998,주차장,2248.869000000000142,9.000000000000000
금학공영,경기도 용인시 처인구 용문로 140,경기도 용인시 처인구 김량장동 324-8,37.236130469999999,127.201254000000006,주차장,7571.176999999999680,0.000000000000000
중앙공영,경기도 용인시 처인구 백옥대로 1103,경기도 용인시 처인구 김량장동 80-2,37.234093319999999,127.208483000000001,주차장,2756.112999999998920,1.000000000000000
보정공영,,경기도 용인시 기흥구 보정동 1180,37.323407379999999,127.110583899999995,주차장,7012.599000000000160,6.000000000000000
상갈공영,경기도 용인시 기흥구 금화로105번길 3,경기도 용인시 기흥구 상갈동 475,37.265849330000002,127.106739000000005,주차장,8281.657000000001062,2.000000000000000
수지노외,,경기도 용인시 수지구 풍덕천동 1080-17,37.321617689999997,127.094263900000001,주차장,14809.842000000002372,2.000000000000000
신갈 제1공영,경기도 용인시 기흥구 갈천로7번길 69,경기도 용인시 기흥구 신갈동 69-11,37.270864199999998,127.106893299999996,주차장,5185.704999999999927,1.000000000000000
신갈 제2공영,,경기도 용인시 기흥구 신갈동 473-1,37.270662229999999,127.104319599999997,주차장,1411.182999999999993,0.000000000000000
전통시장 제1공영,경기도 용인시 처인구 금령로71번길 12-29,경기도 용인시 처인구 김량장동 254-3,37.236632790000002,127.205250599999999,주차장,1380.396999999999935,13.000000000000000
전통시장 제2공영,경기도 용인시 처인구 금령로107번길 13,경기도 용인시 처인구 김량장동 137-1,37.236714470000003,127.207858500000000,주차장,4993.618999999999687,6.000000000000000
상현2동(상현공영),,경기도 용인시 수지구 상현동 57-1,37.311862040000001,127.087121900000000,주차장,7433.281000000000859,1.000000000000000
처인구청,경기도 용인시 처인구 금령로 50,경기도 용인시 처인구 김량장동 286,37.234379959999998,127.201337199999998,주차장,11777.602000000000771,8.000000000000000
기흥구청,경기도 용인시 기흥구 관곡로 95,경기도 용인시 기흥구 구갈동 355,37.280447119999998,127.114688999999998,주차장,9010.635000000000218,0.000000000000000
수지구청,경기도 용인시 수지구 포은대로 435,경기도 용인시 수지구 풍덕천동 720,37.322221900000002,127.097447399999993,주차장,12882.930999999998676,2.000000000000000
중앙동,경기도 용인시 처인구 금령로78번길 7,경기도 용인시 처인구 김량장동 303-3,37.234235740000003,127.205665999999994,주차장,2652.858999999999469,8.000000000000000
구성동,경기도 용인시 기흥구 구성로77번길 17,경기도 용인시 기흥구 언남동 342-1,37.296764019999998,127.118981500000004,주차장,4473.619000000000597,1.000000000000000
수지아르피아(죽전2동),,경기도 용인시 수지구 죽전동 1003-586,37.326136509999998,127.105908099999994,주차장,9863.859999999998763,2.000000000000000
여성회관,경기도 용인시 수지구 문정로7번길 15,경기도 용인시 수지구 풍덕천동 1086,37.320524769999999,127.095499000000004,주차장,6570.138000000000829,2.000000000000000
행정타운,경기도 용인시 처인구 중부대로 1199,경기도 용인시 처인구 삼가동 556,37.240867330000000,127.177968399999997,주차장,3850.909000000000106,6.000000000000000
신갈동(기흥구보건소),경기도 용인시 기흥구 신갈로58번길 11,경기도 용인시 기흥구 신갈동 60-3,37.272606029999999,127.106767800000000,주차장,4791.343999999999141,0.000000000000000
보정동,경기도 용인시 기흥구 죽전로 40,경기도 용인시 기흥구 보정동 1264,37.320188590000001,127.113092800000004,주차장,15730.743000000002212,1.000000000000000
용인시청,처인구 중부대로 1199,,37.240867330000000,127.177968399999997,주차장,3850.909000000000106,6.000000000000000
구 성 동,기흥구 구성로 77번길 17,,37.296764019999998,127.118981500000004,주차장,4473.619000000000597,1.000000000000000
보 정 동,기흥구 죽전로 40,,37.320188590000001,127.113092800000004,주차장,15730.743000000002212,1.000000000000000
기흥구보건소,기흥구 신갈로 58번길 11,,37.272606029999999,127.106767800000000,주차장,4791.343999999999141,0.000000000000000
아르피아,수지구 포은대로 499,,37.325618040000002,127.104762500000007,주차장,5131.198000000001230,2.000000000000000
평생학습관,수지구 문정로 7번길 15,,37.320524769999999,127.095499000000004,주차장,6570.138000000000829,2.000000000000000
상현2동,수지구 만현로 48 상현1근린공원,,37.310360439999997,127.086529400000003,주차장,15329.459000000002561,1.000000000000000
조정경기장,기흥구 공세동 377-21번지 일원,,37.240558679999999,127.100223999999997,주차장,2793.599999999999909,0.000000000000000
역북동행정,처인구 명지로 16,,37.234559779999998,127.188148200000001,주차장,12632.904999999998836,1.000000000000000
보정제1공영,기흥구 보정동 1180,,37.322797180000002,127.110318500000005,주차장,6064.123000000001412,4.000000000000000
신갈제1공영,기흥구 갈천로 7번길 69,,37.270864199999998,127.106893299999996,주차장,5185.704999999999927,1.000000000000000
신갈제2공영,기흥구 신갈동 473-1 일원,,37.270706480000001,127.104315000000000,주차장,1411.182999999999993,0.000000000000000
풍덕천공영(통합관제센터),수지구 풍덕천로 189번길 13,,37.327512870000000,127.099914900000002,주차장,11778.410000000001673,0.000000000000000
기흥역 환승,기흥구 구갈동 234-3,,37.274541919999997,127.117867700000005,주차장,8587.118000000000393,0.000000000000000
보정제2공영,기흥구 보정동 1090,,37.321448640000000,127.107925100000003,주차장,5112.915999999999258,0.000000000000000
신갈IC공영,기흥구 신갈동 605-9,,37.270094380000003,127.102996599999997,주차장,4362.499999999999091,0.000000000000000
유방동공영,처인구 유방동 288-3,,37.259807870000003,127.215601199999995,주차장,4264.561999999999898,0.000000000000000
유방동2공영,처인구 유방동 287,,37.259774550000003,127.216679799999994,주차장,2868.318000000000211,0.000000000000000
풍덕천2공영,수지구 풍덕천동 1237,,37.327318679999998,127.099084700000006,주차장,12905.743000000002212,0.000000000000000
중앙동임시,처인구 금령로 90번길,,37.234527770000000,127.206184899999997,주차장,2439.451999999999316,9.000000000000000
구 갈 로,기흥구 구갈로 72번길,,37.280767820000001,127.113554500000006,주차장,9009.528000000002066,0.000000000000000
기 흥,기흥구 신갈로 58번길～신구로 12번길,,37.272392699999997,127.107618400000007,주차장,6630.779999999999745,1.000000000000000
동 백,기흥구 동백중앙로(중동 1058번지),,37.266337659999998,127.158288099999993,주차장,6113.595999999998639,1.000000000000000
죽 전 로,기흥구 죽전로 (보정동 1353번지),,37.321238030000004,127.113088899999994,주차장,18192.844000000000960,1.000000000000000
수 지,수지구 풍덕천로 (풍덕천동 789번지),,37.323261389999999,127.098580400000003,주차장,16464.944999999996071,4.000000000000000
수 지 로,수지구 수지로 342번길,,37.326328410000002,127.096389799999997,주차장,15833.466999999998734,1.000000000000000
현 암 로,수지구 죽전동 1398,,37.331751050000001,127.122710100000006,주차장,5819.073999999999614,0.000000000000000
마 평 동,처인구 마평동 885번지 일원,,37.234625930000000,127.210366300000004,주차장,9519.678999999998268,1.000000000000000
중앙도서관,경기도 용인시 처인구 명지로 27,,37.233481589999997,127.190402399999996,공공도서관,2565.873000000000502,3.000000000000000
포곡도서관,경기도 용인시 처인구 포곡읍 포곡로278번길 8,,37.278915650000002,127.232564499999995,공공도서관,937.337999999999965,4.000000000000000
모현도서관,경기도 용인시 처인구 모현읍 백옥대로 2378,,37.335704890000002,127.249643100000000,공공도서관,4585.774000000000342,0.000000000000000
보라도서관,경기도 용인시 기흥구 한보라2로 116,,37.248415670000000,127.109023699999995,공공도서관,7103.242000000002008,0.000000000000000
양지해밀도서관,경기도 용인시 처인구 양지면 교동로18번길 8,,37.237583450000002,127.285499700000003,공공도서관,3538.141999999999371,0.000000000000000
이동꿈틀도서관,경기도 용인시 처인구 이동읍 경기동로705번길 16,,37.139122739999998,127.199755600000003,공공도서관,2532.021000000000186,0.000000000000000
동백도서관,경기도 용인시 기흥구 동백3로 80,,37.274145939999997,127.158048600000001,공공도서관,6406.487999999999374,0.000000000000000
남사도서관,경기도 용인시 처인구 남사면 한숲로 61,,37.153805060000003,127.170622699999996,공공도서관,478.922000000000025,1.000000000000000
느티나무도서관,경기도 용인시 수지구 수풍로 116번길 22(동천동),,37.334016839999997,127.096040400000007,공공도서관,7644.042999999998756,0.000000000000000
청덕도서관,경기도 용인시 기흥구 구성1로 44,,37.292797800000002,127.147430000000000,공공도서관,6219.200000000000728,0.000000000000000
수지도서관,경기도 용인시 수지구 문정로7번길 23,,37.320276560000003,127.094685600000005,공공도서관,5412.856000000000677,2.000000000000000
구성도서관,경기도 용인시 기흥구 구성로77번길 17,,37.296764019999998,127.118981500000004,공공도서관,4473.619000000000597,1.000000000000000
죽전도서관,경기도 용인시 수지구 대지로 89,,37.330433849999999,127.118626399999997,공공도서관,6786.669000000000779,2.000000000000000
기흥도서관,경기도 용인시 기흥구 기흥로116번길 10,,37.286178509999999,127.113599800000003,공공도서관,6389.135000000000218,1.000000000000000
흥덕도서관,경기도 용인시 기흥구 흥덕중앙로 153(영덕동),,37.274983710000001,127.083926899999994,공공도서관,3713.315999999999804,0.000000000000000
상현도서관,경기도  용인시 수지구 법조로 232(상현동),,37.299960079999998,127.074289100000001,공공도서관,5182.541000000001077,0.000000000000000
구갈희망누리도서관,경기도 용인시 기흥구 갈곡로12번길 1,,37.272744109999998,127.129559200000003,공공도서관,5806.959000000001652,1.000000000000000
동백동,경기도 용인시 기흥구 동백중앙로 213 (중동),경기도 용인시 기흥구 중동 847번지,37.272213899999997,127.151005600000005,경기도청사및출장소,4714.277000000000044,2.000000000000000
처인구청,경기도 용인시 처인구 금령로 50 (김량장동),경기도 용인시 처인구 김량장동 286번지,37.234378100000001,127.201339300000001,경기도청사및출장소,11777.602000000000771,8.000000000000000
보정동,경기도 용인시 기흥구 죽현로 35 (보정동),경기도 용인시 기흥구 보정동 1266-4번지,37.319483400000003,127.114695800000007,경기도청사및출장소,12513.394000000002052,2.000000000000000
수지구청,경기도 용인시 수지구 포은대로 435 (풍덕천동),경기도 용인시 수지구 풍덕천동 720번지,37.322223600000001,127.097447099999997,경기도청사및출장소,12882.930999999998676,2.000000000000000
상하동,경기도 용인시 기흥구 어정로 62-23 (상하동),경기도 용인시 기흥구 상하동 435-12번지,37.270513700000002,127.138397299999994,경기도청사및출장소,8661.836999999999534,1.000000000000000
동천동,경기도 용인시 수지구 신수로783번길 40 (동천동),경기도 용인시 수지구 동천동 176-4번지,37.341861000000002,127.099237500000001,경기도청사및출장소,11530.554000000001906,1.000000000000000
죽전1동,경기도 용인시 수지구 대지로15번길 50 (죽전동),경기도 용인시 수지구 죽전동 1070-9번지,37.331049700000001,127.113995799999998,경기도청사및출장소,12229.942999999999302,1.000000000000000
기흥동,경기도 용인시 기흥구 한일로9번길 9 (공세동),경기도 용인시 기흥구 공세동 388-23번지,37.242981700000001,127.102732300000000,경기도청사및출장소,2174.392999999999574,2.000000000000000
신갈동,경기도 용인시 기흥구 신갈로58번길 11 (신갈동),경기도 용인시 기흥구 신갈동 60-3번지,37.272604399999999,127.106768299999999,경기도청사및출장소,4791.343999999999141,0.000000000000000
기흥구청,경기도 용인시 기흥구 관곡로 95 (구갈동),경기도 용인시 기흥구 구갈동 355번지,37.280446900000001,127.114690699999997,경기도청사및출장소,9010.635000000000218,0.000000000000000
유림동,경기도 용인시 처인구 백옥대로 1315 (유방동),경기도 용인시 처인구 유방동 475-20번지,37.252856000000001,127.212051599999995,경기도청사및출장소,284.822000000000003,1.000000000000000
남사면,경기도 용인시 처인구 남사면 내기로 22 (봉무리),경기도 용인시 처인구 남사면 봉무리 438-1번지,37.115680200000000,127.150505100000004,경기도청사및출장소,1157.762000000000171,0.000000000000000
원삼면,경기도 용인시 처인구 원삼면 원양로 64 (고당리),경기도 용인시 처인구 원삼면 고당리 88-1번지,37.166588800000000,127.313263500000005,경기도청사및출장소,2863.293000000000120,0.000000000000000
양지면,경기도 용인시 처인구 양지면 양지로105번길 5 (양지리),경기도 용인시 처인구 양지면 양지리 701-9번지,37.235487300000003,127.279839699999997,경기도청사및출장소,4586.920000000000982,0.000000000000000
역삼동,,용인시 처인구 명지로26번길 10,37.233804999999997,127.187230999999997,경기도청사및출장소,11318.481999999999971,3.000000000000000
동부동,경기도 용인시 처인구 중부대로 1574 (마평동),경기도 용인시 처인구 마평동 533-8번지,37.232771399999997,127.219175899999996,경기도청사및출장소,6946.611999999999171,0.000000000000000
영덕동,경기도 용인시 기흥구 흥덕2로 115 (영덕동),경기도 용인시 기흥구 영덕동 974-7번지,37.277844799999997,127.073810300000005,경기도청사및출장소,10356.589000000001761,7.000000000000000
서농동,경기도 용인시 기흥구 덕영대로 1664 (서천동),경기도 용인시 기흥구 서천동 335-2번지,37.246798800000001,127.073365199999998,경기도청사및출장소,1111.610000000000127,0.000000000000000
신봉동,경기도 용인시 수지구 수지로 215 (신봉동),경기도 용인시 수지구 신봉동 898번지,37.320666299999999,127.083640399999993,경기도청사및출장소,8319.066000000000713,3.000000000000000
죽전2동,경기도 용인시 수지구 포은대로 523 (죽전동),경기도 용인시 수지구 죽전동 1003-122번지,37.325909799999998,127.106730900000002,경기도청사및출장소,17528.076000000004569,2.000000000000000
상현1동,경기도 용인시 수지구 상현로 71 (상현동),경기도 용인시 수지구 상현동 839번지,37.304626100000000,127.081145699999993,경기도청사및출장소,17353.727999999999156,1.000000000000000
성복동,경기도 용인시 수지구 성복1로 100 (성복동),경기도 용인시 수지구 성복동 777번지,37.316487799999997,127.069001600000007,경기도청사및출장소,10677.933000000000902,1.000000000000000
모현면,경기도 용인시 처인구 모현읍 독점로 31-6 (갈담리),경기도 용인시 처인구 모현읍 갈담리 309번지,37.329533699999999,127.242361900000006,경기도청사및출장소,3833.222000000000207,0.000000000000000
상갈동,경기도 용인시 기흥구 상갈로 2 (상갈동),경기도 용인시 기흥구 상갈동 472-1번지,37.266581000000002,127.107693299999994,경기도청사및출장소,11662.306000000000495,2.000000000000000
풍덕천2동,경기도 용인시 수지구 풍덕천로 51 (풍덕천동),경기도 용인시 수지구 풍덕천동 1051-2번지,37.319462399999999,127.088779099999996,경기도청사및출장소,11213.828999999999724,1.000000000000000
구갈동,경기도 용인시 기흥구 강남로 23 (구갈동),경기도 용인시 기흥구 구갈동 578번지,37.272425300000002,127.127590400000003,경기도청사및출장소,4321.978999999999360,1.000000000000000
상현2동,경기도 용인시 수지구 만현로 82-4 (상현동),경기도 용인시 수지구 상현동 66-2번지,37.309419800000001,127.085942700000004,경기도청사및출장소,14799.424000000004526,0.000000000000000
구성동,경기도 용인시 기흥구 구성로77번길 17 (언남동),경기도 용인시 기흥구 언남동 342-1번지,37.296762299999997,127.118983200000002,경기도청사및출장소,4473.619000000000597,1.000000000000000
마북동,경기도 용인시 기흥구 마북로 159 (마북동),경기도 용인시 기흥구 마북동 181-2번지,37.304095599999997,127.123524599999996,경기도청사및출장소,3747.043000000000575,0.000000000000000
풍덕천1동,경기도 용인시 수지구 수지로342번길 3 (풍덕천동),경기도 용인시 수지구 풍덕천동 701-1번지,37.327956100000002,127.095026399999995,경기도청사및출장소,15637.861999999997352,1.000000000000000
용인시청,경기도 용인시 처인구 중부대로 1199 (삼가동),경기도 용인시 처인구 삼가동 556번지,37.240867000000001,127.177968800000002,경기도청사및출장소,3850.909000000000106,6.000000000000000
포곡읍,경기도 용인시 처인구 포곡읍 포곡로 258 (삼계리),경기도 용인시 처인구 포곡읍 삼계리 588-5번지,37.277819399999998,127.230821100000000,경기도청사및출장소,999.376000000000090,4.000000000000000
이동면,경기도 용인시 처인구 이동읍 경기동로 673 (송전리),경기도 용인시 처인구 이동읍 송전리 750-3번지,37.141120600000001,127.196197999999995,경기도청사및출장소,3660.528000000000702,0.000000000000000
백암면,경기도 용인시 처인구 백암면 백암로 189 (백암리),경기도 용인시 처인구 백암면 백암리 495-3번지,37.163406000000002,127.375379600000002,경기도청사및출장소,1444.516999999999825,0.000000000000000
중앙동,경기도 용인시 처인구 금령로78번길 7 (김량장동),경기도 용인시 처인구 김량장동 303-3번지,37.234237299999997,127.205666199999996,경기도청사및출장소,2652.858999999999469,8.000000000000000
용인시민체육센터,경기도 용인시 처인구 포곡읍 금어로 317,경기도 용인시 처인구 포곡읍 금어리 366-6,37.276382859999998,127.245792899999998,공공체육시설(생활체육시설),220.117999999999995,0.000000000000000
용인시 여성회관 YMCA스포츠센타,경기도 용인시 수지구 문정로7번길 15 여성회관,경기도 용인시 수지구 풍덕천동 1086,37.320524769999999,127.095499000000004,공공체육시설(생활체육시설),6570.138000000000829,2.000000000000000
용인시청소년수련관 체육관,경기도 용인시 처인구 중부대로 1199,경기도 용인시 처인구 삼가동 556,37.240867330000000,127.177968399999997,공공체육시설(생활체육시설),3850.909000000000106,6.000000000000000
현대그린프라자,경기도 용인시 수지구 풍덕천로 149,경기도 용인시 수지구 풍덕천1동 715-2,37.324637729999999,127.097583099999994,"대규모점포(마트,백화점)",15854.112999999999374,0.000000000000000
골드타워모드빌,경기도 용인시 처인구 금령로 71번길 8,경기도 용인시 처인구 김량장동 254-51,37.235844780000001,127.204494999999994,"대규모점포(마트,백화점)",1890.723000000000411,8.000000000000000
(주)이마트 트레이더스 구성점,경기도 용인시 기흥구 용구대로 2457,경기도 용인시 기흥구 보정동 1019-237,37.303975389999998,127.104650199999995,"대규모점포(마트,백화점)",772.036999999999694,2.000000000000000
영통프리미엄아울렛,경기도 용인시 기흥구 중부대로 64,경기도 용인시 기흥구 영덕동 517-1,37.266666839999999,127.076318700000002,"대규모점포(마트,백화점)",1528.405999999999722,0.000000000000000
(주)이마트수지점,경기도 용인시 수지구 수지로 203,경기도 용인시 수지구 신봉동 909,37.319739259999999,127.083327699999998,"대규모점포(마트,백화점)",7246.628000000000611,3.000000000000000
에프앤에프(콜렉티드),경기도 용인시 수지구 용구대로 2725,경기도 용인시 수지구 죽전2동 1003-175,37.328791959999997,127.108625000000004,"대규모점포(마트,백화점)",8251.927000000001499,0.000000000000000
(주)농협유통 하나로클럽 용인점,경기도 용인시 기흥구 중부대로 682,경기도 용인시 기흥구 상하동 351,37.266047469999997,127.135844399999996,"대규모점포(마트,백화점)",3177.443000000000211,0.000000000000000
롯데쇼핑㈜롯데마트 수지점,경기도 용인시 기흥구 진산로 116,경기도 용인시 기흥구 보정동 266-4,37.320779940000001,127.099441799999994,"대규모점포(마트,백화점)",6785.030999999999949,2.000000000000000
(주)이마트 죽전점,경기도 용인시 수지구 포은대로 552,경기도 용인시 수지구 죽전동 1282,37.325377639999999,127.109931099999997,"대규모점포(마트,백화점)",16117.857999999998356,6.000000000000000
(주)이마트 용인점,경기도 용인시 처인구 명지로 53,경기도 용인시 처인구 역북동 586-6,37.231399250000003,127.189177299999997,"대규모점포(마트,백화점)",4547.868000000000393,4.000000000000000
죽전패션타운,경기도 용인시 수지구 용구대로 2729,경기도 용인시 수지구 죽전2동 1003-13,37.329585819999998,127.108367400000006,"대규모점포(마트,백화점)",9330.138000000000829,0.000000000000000
(주)이마트동백점,경기도 용인시 기흥구 동백죽전대로 444,경기도 용인시 기흥구 중동 833,37.278055840000000,127.151702700000001,"대규모점포(마트,백화점)",4395.772999999999229,5.000000000000000
쥬네브문월드,경기도 용인시 기흥구 동백5로 22,경기도 용인시 기흥구 중동 838,37.275911290000003,127.151476299999999,"대규모점포(마트,백화점)",4433.126999999999498,5.000000000000000
신세계백화점경기점,경기도 용인시 수지구 포은대로 536,경기도 용인시 수지구 죽전2동 1285,37.325009330000000,127.108137200000002,"대규모점포(마트,백화점)",16831.829000000001543,6.000000000000000
쥬네브썬월드,경기도 용인시  기흥구 동백죽전대로 444,경기도 용인시 기흥구 중동 833,37.278055840000000,127.151702700000001,"대규모점포(마트,백화점)",4395.772999999999229,5.000000000000000
(주)이마트보라점,경기도 용인시 기흥구 한보라1로 92,경기도 용인시 기흥구 보라동 623-1,37.232195630000000,127.149448599999999,"대규모점포(마트,백화점)",91.896000000000001,0.000000000000000
(주)이마트흥덕점,경기도 용인시 기흥구 흥덕중앙로 60,경기도 용인시 기흥구 영덕동 985-3,37.275805630000001,127.073350700000006,"대규모점포(마트,백화점)",21242.116000000001804,6.000000000000000
롯데마트신갈점,경기도 용인시 기흥구 중부대로 375,,37.271990889999998,127.107859399999995,"대규모점포(마트,백화점)",5011.118999999999687,1.000000000000000
㈜한섬,경기도 용인시 기흥구 공세로 186,경기도 용인시 기흥구 공세동 333-10,37.239376729999996,127.104138500000005,"대규모점포(마트,백화점)",3810.793999999999414,0.000000000000000
코스트코 공세점,경기도 용인시 기흥구 탑실로 38,경기도 용인시 기흥구 공세동 734-1,37.238271980000000,127.109024399999996,"대규모점포(마트,백화점)",10853.586999999997715,15.000000000000000
롯데프리미엄아울렛 기흥점,경기도 용인시 기흥구 신고매로 124,,37.225370060000003,127.120912700000005,"대규모점포(마트,백화점)",3496.048999999999978,5.000000000000000
ak&기흥,경기도 용인시 기흥구 기흥역로 63,,37.274842769999999,127.118778500000005,"대규모점포(마트,백화점)",9118.883000000001630,0.000000000000000
이동저수지,,경기도 용인시 처인구 이동면 어비리 산46,37.128676400000003,127.207377100000002,관광지(자연),0.000000000000000,0.000000000000000
기흥호수공원 (용인8경 중 제3경),,경기도 용인시 기흥구 동탄기흥로 923,37.240814250000000,127.100405400000000,관광지(자연),2799.949999999999818,0.000000000000000
용인자연휴양림 (용인8경 중 제5경),,경기도 용인시 처인구 모현읍 초부로 220,37.315772529999997,127.268889200000004,관광지(자연),59.111000000000011,2.000000000000000
가실벚꽃 (용인8경 중 제7경),,경기도 용인시 처인구 포곡읍 가실리,37.293789760000003,127.194957299999999,관광지(자연),0.000000000000000,0.000000000000000
용담저수지(사암지),,경기도 용인시 처인구 원삼면 원양로 382-2,37.191788780000003,127.306404700000002,관광지(자연),0.000000000000000,0.000000000000000
한택식물원,,경기도 용인시 처인구 백암면 한택로 2,37.094574719999997,127.406600699999998,관광지(자연),0.000000000000000,0.000000000000000
고기리유원지,,경기도 용인시 수지구 고기동 818,37.359284619999997,127.044104500000003,관광지(자연),1144.091999999999871,0.000000000000000
용인농촌테마파크와 연꽃단지  (용인8경 중 제4경),,경기도 용인시 처인구 원삼면 농촌파크로 80,37.172288340000001,127.299267799999996,관광지(자연),954.184999999999945,1.000000000000000
어비낙조 (용인8경 중 제8경),,경기도 용인시 처인구 이동읍 어비리  975-3번지,37.107291019999998,127.193212000000003,관광지(자연),0.000000000000000,0.000000000000000
용인자연휴양림,,경기도 용인시 처인구 모현면 초부로220,37.315772529999997,127.268889200000004,관광지(자연),59.111000000000011,2.000000000000000
문수산,,경기도 용인시 처인구 모현면 동림리 81-4,37.338092189999998,127.187087599999998,관광지(자연),857.958999999999946,0.000000000000000
숲해설,,경기도 용인시 처인구 모현면 초부로 220,37.315772529999997,127.268889200000004,관광지(자연),59.111000000000011,2.000000000000000
한택식물원,경기도 용인시 처인구 백암면 한택로 2,경기도 용인시 처인구 백암면 옥산리 365번지,37.094574719999997,127.406600699999998,관광지(체험),0.000000000000000,0.000000000000000
한국민속촌,경기도 용인시 기흥구 민속촌로 90,경기도 용인시 기흥구 보라동 35번지,37.260919469999997,127.120812999999998,관광지(체험),135.963999999999999,0.000000000000000
용인 대장금파크,경기도 용인시 처인구 드라마길 25,,37.119444039999998,127.337088699999995,관광지(체험),0.000000000000000,0.000000000000000
목재문화체험,경기도 용인시 처인구 모현면 초부로 220,경기도 용인시 처인구 모현읍 초부리 산22번지,37.315772529999997,127.268889200000004,관광지(체험),59.111000000000011,2.000000000000000
화운사,경기도 용인시 처인구 동백죽전대로 111-14,경기도 용인시 처인구 삼가동 33-1번지,37.253443410000003,127.161299200000002,관광지(체험),347.704000000000008,0.000000000000000
용인문수산법륜사,경기도 용인시 처인구 원삼면 농촌파크로 126,경기도 용인시 처인구 원삼면 고당리 243-2번지,37.169809229999998,127.299139100000005,관광지(체험),56.295000000000002,2.000000000000000
죽전 유아숲체험원,경기도 용인시 수지구,,37.325682759999999,127.126662300000007,관광지(체험),259.213000000000022,0.000000000000000
용인곤충테마파크,경기도 용인시 처인구 백암면 근삼리 274-7,경기도 용인시 처인구 백암면 근삼리 274-7,37.146178329999998,127.365965500000001,관광지(체험),89.465000000000003,0.000000000000000
술샘,경기도 용인시 처인구 양지면 죽양대로 2298-1,경기도 용인시 처인구 양지면 양지리 114-14번지,37.233502020000003,127.298609499999998,관광지(체험),135.165000000000020,0.000000000000000
바운스트램폴린파크,경기도 용인시 기흥구 동백죽전대로175번길 6,경기도 용인시 기흥구 중동 31-5번지,37.257641489999997,127.160445899999999,관광지(체험),1609.019999999999527,1.000000000000000
한터조랑말농장,경기도 용인시 처인구 양지면 대대로 110,경기도 용인시 처인구 양지면 대대리 95-1번지,37.271209440000000,127.265292099999996,관광지(체험),0.000000000000000,0.000000000000000
용인 학일마을,경기도 용인시 처인구 원삼면 학일로 117,경기도 용인시 처인구 원삼면 학일리 913-1번지,37.147376680000001,127.285820700000002,관광지(체험),0.000000000000000,0.000000000000000
호박등불마을,경기도 용인시 처인구 모현면 능곡로56번길 7,경기도 용인시 처인구 모현읍 능원리 229-2번지,37.336410350000001,127.178402100000000,관광지(체험),705.495000000000005,0.000000000000000
용인시박물관,경기도 용인시 기흥구 동백 3로 79,경기도 용인시 기흥구 중동 862번지,37.273920250000003,127.157146800000007,관광지(체험),6066.505999999999403,0.000000000000000
용인농촌테마파크,경기도 용인시 처인구 원삼면 농촌파크로 80-1 농촌테마파크,경기도 용인시 처인구 원삼면 사암리 871-3번지 농촌테마파크,37.171013690000002,127.297119699999996,관광지(체험),56.295000000000002,2.000000000000000
이영미술관,경기도 용인시 기흥구 흥덕4로 63,경기도 용인시 기흥구 영덕동 55-4번지,37.277312639999998,127.090094300000004,관광지(체험),565.206999999999994,0.000000000000000
삼성화재교통박물관,경기도 용인시 처인구 포곡읍 애버랜드로 376번길 171,경기도 용인시 처인구 포곡읍 유운리 432번지,37.300372080000002,127.216953300000000,관광지(체험),17.940000000000001,7.000000000000000
청계목장,경기도 용인시 처인구 백암면 청계로 104번길 20,경기도 용인시 처인구 백암면 박곡리 270-3번지,37.153645769999997,127.396651599999998,관광지(체험),6.814000000000000,0.000000000000000
농도원목장,경기도 용인시 처인구 원삼면 원양로377번길 1-34,경기도 용인시 처인구 원삼면 사암리 산68-1번지,37.193295800000001,127.296631899999994,관광지(체험),0.000000000000000,0.000000000000000
한국민속촌,경기도 용인시 기흥구 민속촌로 90,경기도 용인시 기흥구 보라동 35번지,37.260919469999997,127.120812999999998,관광지(테마),135.963999999999999,0.000000000000000
용인 대장금파크,경기도 용인시 처인구 백암면 용천로 330,경기도 용인시 처인구 백암면 용천리 778-1번지,37.119442059999997,127.337094399999998,관광지(테마),0.000000000000000,0.000000000000000
손골성지,경기도 용인시 수지구 동천로437번길 67,경기도 용인시 수지구 동천동 733번지,37.344410600000003,127.052382499999993,관광지(테마),0.000000000000000,0.000000000000000
은이성지,경기도 용인시 처인구 양지면 은이로 182,경기도 용인시 처인구 양지면 남곡리 632-2번지,37.215905339999999,127.277771299999998,관광지(테마),0.000000000000000,0.000000000000000
코코몽 에코파크,경기도 용인시 수지구동천로 581 (고기동 272번지),경기도 용인시 수지구 고기동 272번지,37.354405509999999,127.052007000000003,관광지(테마),219.925999999999988,0.000000000000000
공룡테마파크 다이노스타,경기도 용인시 수지구동천로593(고기동257-4),경기도 용인시 수지구 고기동 257-4번지,37.356181569999997,127.052098099999995,관광지(테마),310.966000000000008,0.000000000000000
용인 와우정사,경기도 용인시 해곡동 224-4,경기도 용인시 처인구 해곡동 224-4,37.194781319999997,127.276643100000001,관광지(테마),0.000000000000000,0.000000000000000
화운사,경기도 용인시 처인구 동백죽전대로 111-14,경기도 용인시 처인구 삼가동 33-1번지,37.253443410000003,127.161299200000002,관광지(테마),347.704000000000008,0.000000000000000
에버랜드,경기도 용인시 처인구 포곡읍 에버랜드로 199,경기도 용인시 처인구 포곡읍 전대리 310번지,37.289960080000000,127.216586199999995,관광지(테마),1022.194000000000074,0.000000000000000
용인농촌테마파크,경기도 용인시 처인구 원삼면 농촌파크로 80-1,경기도 용인시 처인구 원삼면 사암리 871-3번지,37.171013690000002,127.297119699999996,관광지(테마),56.295000000000002,2.000000000000000
와우정사,경기도 용인시 처인구 해곡로 25-15,경기도 용인시 처인구 해곡동 224-1번지,37.194038399999997,127.278443899999999,관광지(테마),7.218000000000000,0.000000000000000
용인문수산법륜사,경기도 용인시 처인구 원삼면 농촌파크로 126,경기도 용인시 처인구 원삼면 고당리 243-2번지,37.169809229999998,127.299139100000005,관광지(테마),56.295000000000002,2.000000000000000
용덕사,경기도 용인시 처인구 이동읍 이원로 471-41,경기도 용인시 처인구 이동읍 묵리 478-2번지,37.170110739999998,127.245003100000005,관광지(테마),3.479000000000000,0.000000000000000
보구정사,경기도 용인시 기흥구 동백중앙로54번길 50,경기도 용인시 기흥구 중동 95-4번지,37.263780519999997,127.166970800000001,관광지(테마),1238.440000000000055,1.000000000000000
동도사,경기도 용인시 처인구 이동읍 어진로 842,경기도 용인시 처인구 이동읍 어비리 807-9번지,37.107785260000000,127.198346999999998,관광지(테마),0.000000000000000,2.000000000000000
캐리비안베이,경기도 용인시 처인구 포곡읍 에버랜드로 199,경기도 용인시 처인구 포곡읍 전대리 310번지,37.289960080000000,127.216586199999995,관광지(테마),1022.194000000000074,0.000000000000000
성복고등학교,경기도 용인시 수지구 도마치로 92,경기도 용인시 수지구 성복동 782,37.323363440000001,127.061122800000007,고등학교,4277.995999999998276,0.000000000000000
서천중학교,경기도 용인시 기흥구 서천동로 7,경기도 용인시 기흥구 서천동 796,37.240019109999999,127.075894899999994,중학교,2581.052999999999884,0.000000000000000
용인한빛초등학교,경기도 용인시 수지구 동천로 153번길 23,경기도 용인시 수지구 동천동 933,37.335065010000001,127.087935099999996,초등학교,6749.491999999999280,0.000000000000000
상현고등학교,경기도 용인시 수지구 법조로 222,경기도 용인시 수지구 상현동 1129-3,37.299112950000001,127.074376099999995,고등학교,3477.863000000000739,0.000000000000000
손곡초등학교,경기도 용인시 수지구 손곡로 68,경기도 용인시 수지구 동천동 867,37.336865390000000,127.095003599999998,초등학교,12709.313999999998487,0.000000000000000
소현중학교,경기도 용인시 기흥구 만현로133번길 96,경기도 용인시 기흥구 보정동 1170,37.301589370000002,127.093784700000000,중학교,926.200000000000045,0.000000000000000
솔개초등학교,경기도 용인시 수지구 상현로 79,경기도 용인시 수지구 상현동 841,37.305798850000002,127.081729499999994,초등학교,14216.763999999999214,1.000000000000000
지석초등학교,경기도 용인시 기흥구 어정로 62-25,경기도 용인시 기흥구 상하동 435-8,37.270048920000001,127.139013800000001,초등학교,2279.677000000000589,1.000000000000000
동백고등학교,경기도 용인시 기흥구 동백7로 61,경기도 용인시 기흥구 동백동 601,37.283350749999997,127.158472700000004,고등학교,15202.969999999999345,0.000000000000000
죽전초등학교,경기도 용인시 수지구 용구대로2772번길 15,경기도 용인시 수지구 죽전동 513-1,37.333740319999997,127.110387200000005,초등학교,4796.764000000001033,0.000000000000000
보라초등학교,경기 용인시 기흥구 금화로105번길 33,경기도 용인시 기흥구 상갈동 51-1,37.263958100000004,127.107222100000001,초등학교,7692.137999999999920,2.000000000000000
죽전중학교,경기도 용인시 수지구 용구대로2771번길 15,경기도 용인시 수지구 죽전동 873-4,37.332364790000000,127.107540200000003,중학교,5037.680999999999585,0.000000000000000
상갈중학교,경기도 용인시 기흥구 금화로82번길 7,경기도 용인시 기흥구 상갈동 460,37.266474100000003,127.109217700000002,중학교,9926.032000000002881,1.000000000000000
용인바이오고등학교,경기도 용인시 처인구 이동읍 경기동로687번길 28-14,경기도 용인시 처인구 이동읍 송전리 692,37.140441109999998,127.200762499999996,고등학교,1268.571999999999889,0.000000000000000
대지고등학교,경기도 용인시 수지구 동백죽전대로 1066,경기도 용인시 수지구 죽전동 1333,37.324778940000002,127.122551599999994,고등학교,7268.465000000001055,0.000000000000000
모현초등학교,경기도 용인시 처인구 모현읍 문현로 179,경기도 용인시 처인구 모현읍 매산리 224-1,37.343476389999999,127.228486700000005,초등학교,1023.363000000000056,0.000000000000000
서원초등학교,경기도 용인시 수지구 상현로 45,경기도 용인시 수지구 상현동 826,37.303750530000002,127.078560600000003,초등학교,13351.974000000000160,0.000000000000000
고림초등학교,경기도 용인시 처인구 한터로152번길 22,경기도 용인시 처인구 고림동 340-2,37.247419809999997,127.227074500000001,초등학교,3028.959000000000287,0.000000000000000
덕영고등학교,경기도 용인시 처인구 고림로74번길 15,경기도 용인시 처인구 고림동 737-1,37.241600069999997,127.216194400000006,고등학교,2964.660999999999603,2.000000000000000
용인심곡초등학교,경기도 용인시 수지구 심곡로 59,경기도 용인시 수지구 상현동 871,37.309018029999997,127.078933100000000,초등학교,14384.631000000001222,0.000000000000000
지곡초등학교,경기도 용인시 기흥구 사은로 274-45,경기도 용인시 기흥구 지곡동 703,37.252184900000003,127.138208800000001,초등학교,4799.967999999999847,0.000000000000000
초당중학교,경기도 용인시 기흥구 동백중앙로 119,경기도 용인시 기흥구 중동 1048,37.265535710000002,127.156812400000007,중학교,6171.377999999999702,0.000000000000000
석성초등학교,경기도 용인시 기흥구 동백2로 53,경기도 용인시 기흥구 중동 955,37.270356499999998,127.158070699999996,초등학교,4624.830999999999221,0.000000000000000
문정중학교,경기도 용인시 수지구 포은대로 455,경기도 용인시 수지구 풍덕천동 105,37.322725769999998,127.099063700000002,중학교,13692.109999999998763,4.000000000000000
성지초등학교,경기도 용인시 기흥구 강남서로 38,경기도 용인시 기흥구 구갈동 575,37.274967930000003,127.128604899999999,초등학교,3729.327999999999975,0.000000000000000
동천초등학교,경기도 용인시 수지구 고기로 71,경기도 용인시 수지구 동천동 154,37.344611559999997,127.093393199999994,초등학교,3231.348999999999705,0.000000000000000
신갈중학교,경기도 용인시 기흥구 용구대로2152번길 23,경기도 용인시 기흥구 신갈동 113,37.280671380000001,127.108686199999994,중학교,9524.663000000002285,0.000000000000000
남사중학교,경기도 용인시 처인구 남사면 내기로 27,경기도 용인시 처인구 남사면 봉무리 435,37.116557600000000,127.148779099999999,중학교,210.257000000000005,0.000000000000000
용인한국외국어대학교부설고등학교,경기도 용인시 처인구 모현읍 외대로54번길 50,경기도 용인시 처인구 모현읍 왕산리 266,37.330458219999997,127.256703900000005,고등학교,504.033999999999992,0.000000000000000
용인신촌초등학교,경기도 용인시 수지구 죽전로27번길 14-19,경기도 용인시 수지구 죽전동 1299,37.323142529999998,127.113665600000004,초등학교,15858.586000000001150,0.000000000000000
언남초등학교,경기도 용인시 기흥구 기흥로116번길 87,경기도 용인시 기흥구 언남동 498,37.289758829999997,127.119587800000005,초등학교,5162.400999999998930,0.000000000000000
상갈초등학교,경기도 용인시 기흥구 금화로58번길 17,경기도 용인시 기흥구 상갈동 462,37.264251289999997,127.110997900000001,초등학교,9500.966000000000349,0.000000000000000
용인백현중학교,경기도 용인시 기흥구 동백7로 107번길 20,경기도 용인시 기흥구 동백동 591,37.280995169999997,127.164679000000007,중학교,7529.412000000000262,1.000000000000000
구성초등학교,경기도 용인시 기흥구 구성로 51,경기도 용인시 기흥구 마북동 333,37.295666799999999,127.115366600000002,초등학교,4761.521000000000640,0.000000000000000
성복초등학교,경기도 용인시 수지구 성복2로78번길 52,경기도 용인시 수지구 성복동 104-5,37.319541940000001,127.078159900000003,초등학교,3017.964000000000397,0.000000000000000
대지중학교,경기도 용인시 수지구 대지로51번길 22,경기도 용인시 수지구 죽전동 313-1,37.331055610000000,127.116311300000007,중학교,7853.113000000000284,3.000000000000000
이현중학교,경기도 용인시 수지구 진산로34번길 39,경기도 용인시 수지구 풍덕천동 1181-1,37.315283239999999,127.096802199999999,중학교,7315.306000000002314,0.000000000000000
손곡중학교,경기도 용인시 수지구 수풍로116번길 5,경기도 용인시 수지구 동천동 871,37.334855869999998,127.094261200000005,중학교,6381.632999999997992,0.000000000000000
운학초등학교,경기도 용인시 처인구 동부로465번길 7,경기도 용인시 처인구 운학동 220-1,37.202787219999998,127.246670899999998,초등학교,1592.471999999999980,0.000000000000000
홍천중학교,경기도 용인시 수지구 신봉1로71번길 36,경기도 용인시 수지구 신봉동 28-1,37.321102220000000,127.076475299999998,중학교,1584.270999999999731,0.000000000000000
대지초등학교,경기도 용인시 수지구 대지로51번길 6,경기도 용인시 수지구 죽전동 313-3,37.330171059999998,127.116043099999999,초등학교,9047.055000000002110,1.000000000000000
원삼중학교,경기도 용인시 처인구 원삼면 고당로16번길 29,경기도 용인시 처인구 원삼면 고당리 95-1,37.168163049999997,127.309312700000007,중학교,15.129000000000000,0.000000000000000
신갈고등학교,경기도 용인시 기흥구 백남준로 13,경기도 용인시 기흥구 상갈동 산1-2,37.269759059999998,127.111306499999998,고등학교,4518.466000000000349,0.000000000000000
송전중학교,경기도 용인시 처인구 이동읍 경기동로687번길 28-14,경기도 용인시 처인구 이동읍 송전리 692,37.140434599999999,127.200762499999996,중학교,1268.571999999999889,0.000000000000000
서원중학교,경기도 용인시 수지구 상현로42번길 26-8,경기도 용인시 수지구 상현동 834,37.301891500000004,127.080558199999999,중학교,7248.182999999999993,0.000000000000000
현암초등학교,경기도 용인시 수지구 대지로 146,경기도 용인시 수지구 죽전동 1229,37.328812990000003,127.124762700000005,초등학교,6593.773000000000138,0.000000000000000
신리초등학교,경기도 용인시 수지구 신봉1로48번길 6,경기도 용인시 수지구 신봉동 882,37.322358459999997,127.080822699999999,초등학교,10033.731999999999971,0.000000000000000
보라고등학교,경기도 용인시 기흥구 한보라1로43번길 7,경기도 용인시 기흥구 보라동 605,37.251455510000000,127.110588100000001,고등학교,2784.407999999999902,0.000000000000000
동막초등학교,경기도 용인시 기흥구 동백8로 39,경기도 용인시 기흥구 동백동 576,37.286080460000001,127.155539099999999,초등학교,4057.945999999999913,0.000000000000000
남사초등학교,경기도 용인시 처인구 남사면 처인성로185번길 9-10,경기도 용인시 처인구 남사면 봉무리 761-1,37.113638590000001,127.148282499999993,초등학교,709.510999999999967,0.000000000000000
백암중학교,경기도 용인시 처인구 백암면 백원로 519-9,경기도 용인시 처인구 백암면 근창리 166,37.164968000000002,127.368572799999995,중학교,2166.738000000000284,0.000000000000000
이현초등학교,경기도 용인시 기흥구 이현로 83,경기도 용인시 기흥구 보정동 1164,37.310295080000003,127.093104400000001,초등학교,6088.631000000001222,0.000000000000000
공세초등학교,경기도 용인시 기흥구 탑실로 86-10,경기도 용인시 기흥구 공세동 693,37.239018320000000,127.116488799999999,초등학교,505.923000000000059,0.000000000000000
용인중학교,경기도 용인시 처인구 금학로341번길 8,경기도 용인시 처인구 김량장동 212,37.238618610000003,127.200566400000000,중학교,9567.643999999998414,0.000000000000000
용인백현고등학교,경기도 용인시 기흥구 동백7로 112,경기도 용인시 기흥구 동백동 664,37.279332199999999,127.162533100000005,고등학교,5706.134000000000015,3.000000000000000
나산초등학교,경기도 용인시 기흥구 한보라1로43번길 8,경기도 용인시 기흥구 보라동 613,37.250306649999999,127.109385500000002,초등학교,5974.009000000000015,0.000000000000000
석현초등학교,경기도 용인시 기흥구 흥덕3로 42,경기도 용인시 기흥구 영덕동 1070,37.272787590000000,127.083048099999999,초등학교,3353.832000000001244,0.000000000000000
용천중학교,경기도 용인시 처인구 이동읍 백옥대로587번길 54,경기도 용인시 처인구 이동읍 천리 1132,37.191442129999999,127.200827799999999,중학교,827.730000000000018,0.000000000000000
둔전제일초등학교,경기도 용인시 처인구 포곡읍 포곡로141번길 28,경기도 용인시 처인구 포곡읍 둔전리 448,37.274022490000000,127.219125199999993,초등학교,4757.318000000000211,0.000000000000000
원삼초등학교,경기도 용인시 처인구 원삼면 하사로 1,경기도 용인시 처인구 원삼면 독성리 295-1,37.163556419999999,127.316137900000001,초등학교,160.248000000000019,0.000000000000000
기흥고등학교,경기도 용인시 기흥구 관곡로 20,경기도 용인시 기흥구 신갈동 161,37.282292110000000,127.108852999999996,고등학교,8716.807999999997264,0.000000000000000
대현초등학교,경기도 용인시 수지구 용구대로2771번길 16,경기도 용인시 수지구 죽전동 869-1,37.333592490000001,127.106521000000001,초등학교,8430.596000000003187,0.000000000000000
초당고등학교,경기도 용인시 기흥구 동백중앙로 21,경기도 용인시 기흥구 중동 1040,37.258695379999999,127.163217099999997,고등학교,2879.480000000000018,1.000000000000000
흥덕고등학교,경기도 용인시 기흥구 흥덕2로 36,경기도 용인시 기흥구 영덕동 1020,37.270757580000001,127.074458699999994,고등학교,3265.275000000000091,0.000000000000000
구성중학교,경기도 용인시 기흥구 연원로42번길 48,경기도 용인시 기흥구 마북동 543,37.299999270000001,127.114422000000005,중학교,5910.844999999997526,0.000000000000000
송전초등학교,경기도 용인시 처인구 이동읍 경기동로687번길 14,경기도 용인시 처인구 이동읍 송전리 705-2,37.140815099999998,127.198633599999994,초등학교,4814.601999999999862,0.000000000000000
풍덕고등학교,경기도 용인시 수지구 정평로13번길 5,경기도 용인시 수지구 풍덕천동 1121,37.317023839999997,127.089219299999996,고등학교,9303.533999999999651,0.000000000000000
백봉초등학교,경기도 용인시 처인구 백암면 죽양대로748번길 12,경기도 용인시 처인구 백암면 백봉리 202,37.137976469999998,127.399981999999994,초등학교,3.831000000000000,0.000000000000000
기흥초등학교,경기도 용인시 기흥구 공세로82번길 5,경기도 용인시 기흥구 공세동 200-3,37.231918880000002,127.109801800000000,초등학교,3809.106999999999516,0.000000000000000
영문중학교,경기도 용인시 처인구 포곡읍 영문로 70,경기도 용인시 처인구 포곡읍 영문리 554,37.271924800000001,127.208492800000002,중학교,1182.286000000000058,0.000000000000000
용인대덕중학교,경기도 용인시 수지구 죽전로293번길 12,경기도 용인시 수지구 죽전동 1156,37.336747580000001,127.127607600000005,중학교,4864.633999999999105,0.000000000000000
용인홍천고등학교,경기도 용인시 수지구 수지로227번길 22,경기도 용인시 수지구 신봉동 885,37.322210720000001,127.082397099999994,고등학교,10221.658999999999651,1.000000000000000
백암고등학교,경기도 용인시 처인구 백암면 백원로 519-9,경기도 용인시 처인구 백암면 근창리 166,37.164968000000002,127.368572799999995,고등학교,2166.738000000000284,0.000000000000000
용동중학교,경기도 용인시 처인구 양지면 남곡로 26,경기도 용인시 처인구 양지면 남곡리 164-5,37.231511779999998,127.282977299999999,중학교,3101.188000000000557,0.000000000000000
구갈중학교,경기도 용인시 기흥구 산양로 12,경기도 용인시 기흥구 신갈동 163,37.284840090000003,127.108723699999999,중학교,5671.014999999999418,0.000000000000000
현암중학교,경기도 용인시 수지구 대지로 128,경기도 용인시 수지구 죽전동 1238,37.329555460000002,127.121800100000002,중학교,8438.073000000000320,0.000000000000000
수지중학교,경기도 용인시 수지구 수풍로 102,경기도 용인시 수지구 풍덕천동 663,37.332898569999998,127.094363500000000,중학교,12644.681999999997061,0.000000000000000
왕산초등학교,경기도 용인시 처인구 모현읍 백옥대로2366번길 7-8,경기도 용인시 처인구 모현읍 왕산리 808-2,37.335326530000003,127.250628500000005,초등학교,6760.652000000000044,0.000000000000000
언동중학교,경기도 용인시 기흥구 언남로 41,경기도 용인시 기흥구 언남동 132-5,37.294420850000002,127.130298400000001,중학교,442.348000000000070,0.000000000000000
신갈초등학교,경기도 용인시 기흥구 신갈로 76,경기도 용인시 기흥구 신갈동 56,37.273804519999999,127.106749300000004,초등학교,10041.961999999999534,0.000000000000000
포곡중학교,경기도 용인시 처인구 포곡읍 석성로 1176,경기도 용인시 처인구 포곡읍 전대리 159-4,37.279721600000002,127.221392199999997,중학교,1242.284000000000333,0.000000000000000
현암고등학교,경기도 용인시 수지구 디지털벨리로 17,경기도 용인시 수지구 죽전동 1354,37.328800260000001,127.131357699999995,고등학교,7166.293999999999869,0.000000000000000
마북초등학교,경기도 용인시 기흥구 연원로 31,경기도 용인시 기흥구 마북동 550-13,37.302819970000002,127.110043500000003,초등학교,10928.391999999998006,0.000000000000000
포곡초등학교,경기도 용인시 처인구 포곡읍 부곡로 24,경기도 용인시 처인구 포곡읍 전대리 167-1,37.282179620000001,127.220240399999994,초등학교,1447.406000000000176,0.000000000000000
용인고등학교,경기도 용인시 처인구 금학로253번길 20-21,경기도 용인시 처인구 역북동 444-1,37.240570720000001,127.193049500000001,고등학교,8736.777000000000044,0.000000000000000
한터초등학교,경기도 용인시 처인구 양지면 한터로571번길 4,경기도 용인시 처인구 양지면 대대리 577,37.261991180000003,127.268253900000005,초등학교,902.874000000000024,0.000000000000000
용인신릉중학교,경기도 용인시 기흥구 새천년로 57,경기도 용인시 기흥구 신갈동 689,37.290259480000003,127.116024899999999,중학교,12208.173999999997250,0.000000000000000
백암초등학교,경기도 용인시 처인구 백암면 백원로 501,경기도 용인시 처인구 백암면 근창리 105,37.164145730000001,127.367490000000004,초등학교,213.073000000000008,0.000000000000000
성지중학교,경기도 용인시 기흥구 강남서로 26,경기도 용인시 기흥구 구갈동 576,37.274038859999997,127.128116800000001,중학교,4894.540999999999258,1.000000000000000
고림중학교,경기도 용인시 처인구 고림로74번길 30,경기도 용인시 처인구 고림동 750,37.240470250000001,127.218489300000002,중학교,2417.849999999999909,0.000000000000000
성지고등학교,경기도 용인시 기흥구 갈곡로12번길 13,경기도 용인시 기흥구 구갈동 599,37.272284679999999,127.131267500000007,고등학교,7418.019000000001142,0.000000000000000
양지초등학교,경기도 용인시 처인구 양지면 교동로 30,경기도 용인시 처인구 양지면 양지리 350,37.237083120000001,127.284490599999998,초등학교,4216.368000000000393,0.000000000000000
용인이동초등학교,경기도 용인시 처인구 이동읍 백옥대로587번길 22,경기도 용인시 처인구 이동읍 천리 1131,37.190840780000002,127.203512000000003,초등학교,7613.150000000001455,0.000000000000000
대청초등학교,경기도 용인시 수지구 죽전로 276,경기도 용인시 수지구 죽전동 1389,37.334128249999999,127.129049499999994,초등학교,1654.143000000000029,0.000000000000000
흥덕중학교,경기도 용인시 기흥구 흥덕중앙로105번길 10,경기도 용인시 기흥구 영덕동 959,37.276786530000003,127.079728500000002,중학교,8153.352000000001681,5.000000000000000
어정초등학교,경기도 용인시 기흥구 어정로 155,경기도 용인시 기흥구 중동 619-1,37.276956419999998,127.147401299999999,초등학교,12299.808000000000902,0.000000000000000
제일초등학교,경기도 용인시 처인구 양지면 중부대로2517번길 42-7,경기도 용인시 처인구 양지면 제일리 488-1,37.242804829999997,127.313528899999994,초등학교,591.059999999999945,0.000000000000000
태성고등학교,경기도 용인시 처인구 백옥대로 1059-2,경기도 용인시 처인구 남동 28,37.228920070000001,127.208854400000007,고등학교,1487.315000000000055,1.000000000000000
구성고등학교,경기도 용인시 기흥구 연원로42번길 47,경기도 용인시 기흥구 마북동 545-8,37.299144830000003,127.115634799999995,고등학교,2914.551999999999680,0.000000000000000
정평중학교,경기도 용인시 수지구 정평로 21,경기도 용인시 수지구 풍덕천동 1117,37.318075940000000,127.087802600000003,중학교,13338.978999999997541,1.000000000000000
신월초등학교,경기도 용인시 수지구 풍덕천로 86,경기도 용인시 수지구 풍덕천동 1097,37.320526080000000,127.092717600000000,초등학교,10803.332000000000335,0.000000000000000
서룡초등학교,경기도 용인시 처인구 중부대로1281번길 11,경기도 용인시 처인구 역북동 416,37.238110349999999,127.187073100000006,초등학교,5667.213999999999942,0.000000000000000
서원고등학교,경기도 용인시 수지구 상현로42번길 26-7,경기도 용인시 수지구 상현동 836,37.302407400000000,127.081472800000000,고등학교,7387.169000000000779,0.000000000000000
남촌초등학교,경기도 용인시 처인구 남사면 천덕산로 330,경기도 용인시 처인구 남사면 진목리 141-5,37.101729779999999,127.137728499999994,초등학교,41.979999999999997,0.000000000000000
효자초등학교,경기도 용인시 수지구 성복1로 106-1,경기도 용인시 수지구 성복동 732,37.317352319999998,127.067344300000002,초등학교,6280.087000000001353,1.000000000000000
수지고등학교,경기도 용인시 수지구 수풍로 73,경기도 용인시 수지구 풍덕천동 688,37.331319839999999,127.092227399999999,고등학교,7332.450000000001637,0.000000000000000
죽전고등학교,경기도 용인시 수지구 용구대로2771번길 23,경기도 용인시 수지구 죽전동 861-1,37.332630260000002,127.106054799999995,고등학교,3127.382999999999811,0.000000000000000
용인대덕초등학교,경기도 용인시 수지구 죽전로293번길 1,경기도 용인시 수지구 죽전동 1158,37.335883610000003,127.127832200000000,초등학교,5014.282000000000153,0.000000000000000
용인둔전초등학교,경기도 용인시 처인구 포곡읍 포곡로118번길 61,경기도 용인시 처인구 포곡읍 둔전리 108-10,37.268730769999998,127.225239299999998,초등학교,1755.970000000000255,0.000000000000000
교동초등학교,경기도 용인시 기흥구 마북로 124-10,경기도 용인시 기흥구 마북동 618,37.299979209999996,127.122486499999994,초등학교,6916.757999999999811,0.000000000000000
장평초등학교,경기도 용인시 처인구 백암면 한택로 446,경기도 용인시 처인구 백암면 장평리 658,37.119073319999998,127.377606400000005,초등학교,17.526000000000000,0.000000000000000
역북초등학교,경기도 용인시 처인구 명지로 15-30,경기도 용인시 처인구 김량장동 508-1,37.234572970000002,127.192446899999993,초등학교,11617.216000000000349,0.000000000000000
초당초등학교,경기도 용인시 기흥구 동백중앙로 78,경기도 용인시 기흥구 중동 1010,37.263472819999997,127.160933400000005,초등학교,663.872000000000185,1.000000000000000
풍천초등학교,경기도 용인시 수지구 진산로66번길 20,경기도 용인시 수지구 풍덕천동 1172,37.316161739999998,127.095510700000005,초등학교,15825.809000000002925,0.000000000000000
풍덕초등학교,경기도 용인시 수지구 수지로 367,경기도 용인시 수지구 풍덕천동 664-1,37.330074109999998,127.095252799999997,초등학교,12755.078999999999724,1.000000000000000
용인신촌중학교,경기도 용인시 기흥구 보정로 71,경기도 용인시 기흥구 보정동 1268,37.316142419999998,127.113268199999993,중학교,7972.059000000001106,0.000000000000000
용인초등학교,경기도 용인시 처인구 금학로367번길 14,경기도 용인시 처인구 김량장동 228-1,37.238568669999999,127.205212599999996,초등학교,3334.866999999999280,6.000000000000000
성복중학교,경기도 용인시 수지구 성복2로78번길 51,경기도 용인시 수지구 성복동 104-2,37.319747319999998,127.076460400000002,중학교,2781.938000000000557,0.000000000000000
헌산중학교,경기도 용인시 처인구 원삼면 내동로 50-13,경기도 용인시 처인구 원삼면 사암리 883,37.173845790000001,127.295877500000003,중학교,3.800000000000000,0.000000000000000
좌항초등학교,경기도 용인시 처인구 원삼면 원양로 603,경기도 용인시 처인구 원삼면 좌항리 126-4,37.201827969999997,127.320348300000006,초등학교,74.615000000000009,0.000000000000000
갈곡초등학교,경기도 용인시 기흥구 강남동로 61,경기도 용인시 기흥구 구갈동 601,37.271283300000000,127.133252100000007,초등학교,15137.868000000004031,0.000000000000000
용마초등학교,경기도 용인시 처인구 금학로 471-1,경기도 용인시 처인구 마평동 675-4,37.237065840000000,127.214897699999995,초등학교,6426.476000000001477,0.000000000000000
백암초등학교수정분교장,경기도 용인시 처인구 백암면 청강가창로105번길 55-12,경기도 용인시 처인구 백암면 가창리 514-3,37.186197929999999,127.360457999999994,초등학교,0.000000000000000,0.000000000000000
보정고등학교,경기도 용인시 기흥구 보정로 22,경기도 용인시 기흥구 보정동 1281,37.313901080000001,127.109648199999995,고등학교,5366.615999999999985,0.000000000000000
포곡고등학교,경기도 용인시 처인구 포곡읍 포곡로210번길 26,경기도 용인시 처인구 포곡읍 둔전리 88-2,37.272591210000002,127.227655700000000,고등학교,1821.192999999999984,0.000000000000000
용인백현초등학교,경기도 용인시 기흥구 동백8로 108,경기도 용인시 기흥구 동백동 600,37.283158550000003,127.162393800000004,초등학교,6476.185000000000400,5.000000000000000
용인신봉초등학교,경기도 용인시 수지구 신봉2로 115,경기도 용인시 수지구 신봉동 952,37.329834259999998,127.068106999999998,초등학교,4151.032999999999447,0.000000000000000
홍천초등학교,경기도 용인시 수지구 신봉2로14번길 49,경기도 용인시 수지구 신봉동 910,37.326636479999998,127.079802200000003,초등학교,14582.429999999996653,0.000000000000000
용신중학교,경기도 용인시 처인구 명지로 15-26,경기도 용인시 처인구 김량장동 466-1,37.233967180000000,127.192430099999996,중학교,2816.175000000000637,0.000000000000000
토월초등학교,경기도 용인시 수지구 수지로296번길 3,경기도 용인시 수지구 풍덕천동 698-1,37.325227409999997,127.091583600000007,초등학교,11472.708999999997104,0.000000000000000
용인한빛중학교,경기도 용인시 수지구 동천로 177,경기도 용인시 수지구 동천동 925,37.337225599999996,127.084865899999997,중학교,4230.914999999998145,0.000000000000000
관곡초등학교,경기도 용인시 기흥구 관곡로 61,경기도 용인시 기흥구 구갈동 363,37.283224949999997,127.113741599999997,초등학교,7607.395999999999731,0.000000000000000
신일초등학교,경기도 용인시 수지구 신봉2로48번길 28,경기도 용인시 수지구 신봉동 920,37.329288810000001,127.077693499999995,초등학교,4952.345999999999549,0.000000000000000
구갈초등학교,경기도 용인시 기흥구 구갈로 36,경기도 용인시 기흥구 구갈동 397,37.277942619999997,127.111929099999998,초등학교,7478.654000000000451,0.000000000000000
산양초등학교,경기도 용인시 기흥구 산양로 2,경기도 용인시 기흥구 신갈동 162,37.283797559999996,127.108587999999997,초등학교,10807.802000000001499,0.000000000000000
소현초등학교,경기도 용인시 수지구 만현로133번길 78,경기도 용인시 수지구 상현동 854,37.301925169999997,127.092433700000001,초등학교,885.099000000000046,0.000000000000000
태성중학교,경기도 용인시 처인구 백옥대로 1059-2,경기도 용인시 처인구 남동 28,37.228920070000001,127.208832400000006,중학교,1487.315000000000055,1.000000000000000
언동초등학교,경기도 용인시 기흥구 언남로 55,경기도 용인시 기흥구 언남동 132-10,37.295360639999998,127.131592999999995,초등학교,215.545999999999992,0.000000000000000
두창초등학교,경기도 용인시 처인구 원삼면 복분로 29,경기도 용인시 처인구 원삼면 두창리 871,37.158346010000002,127.342837000000003,초등학교,12.990000000000000,0.000000000000000
상현초등학교,경기도 용인시 수지구 만현로67번길 23,경기도 용인시 수지구 상현동 53-3,37.309023680000003,127.089888700000003,초등학교,8918.911999999998443,0.000000000000000
신봉중학교,경기도 용인시 수지구 신봉3로 43,경기도 용인시 수지구 신봉동 981,37.327658730000003,127.064307400000004,중학교,4841.693000000001120,0.000000000000000
용인신릉초등학교,경기도 용인시 기흥구 새천년로 53,경기도 용인시 기흥구 신갈동 686,37.290261420000000,127.114727299999998,초등학교,12694.008999999998196,0.000000000000000
모현중학교,경기도 용인시 처인구 모현읍 문현로189번길 5,경기도 용인시 처인구 모현읍 일산리 540,37.343849800000001,127.231589000000000,중학교,92.301000000000002,0.000000000000000
나곡중학교,경기도 용인시 기흥구 사은로126번길 83,경기도 용인시 기흥구 보라동 559,37.251430520000000,127.124513100000001,중학교,8076.207000000000335,0.000000000000000
신봉고등학교,경기도 용인시 수지구 신봉3로 45,경기도 용인시 수지구 신봉동 979,37.327748970000002,127.062956099999994,고등학교,4257.715999999999440,0.000000000000000
수지초등학교,경기도 용인시 수지구 정평로13번길 30,경기도 용인시 수지구 풍덕천동 510,37.316741200000003,127.085295000000002,초등학교,14972.455000000003565,0.000000000000000
용인한일초등학교,경기도 용인시 기흥구 한보라1로 145,경기도 용인시 기흥구 공세동 680,37.243321539999997,127.106927900000002,초등학교,3442.800000000000182,0.000000000000000
마성초등학교,경기도 용인시 기흥구 용구대로2360번길 29,경기도 용인시 기흥구 마북동 635,37.297430419999998,127.113193300000006,초등학교,4320.476999999999862,0.000000000000000
상하초등학교,경기도 용인시 기흥구 중부대로788번길 27,경기도 용인시 기흥구 상하동 674,37.257028060000003,127.140539799999999,초등학교,9335.959999999999127,0.000000000000000
보정초등학교,경기도 용인시 기흥구 신촌로73번길 28,경기도 용인시 기흥구 보정동 1299,37.309104179999999,127.110788999999997,초등학교,1564.606999999999971,0.000000000000000
고기초등학교,경기도 용인시 수지구 고기로 385,경기도 용인시 수지구 고기동 172-1,37.358847050000001,127.066072000000005,초등학교,480.824000000000012,0.000000000000000
보라중학교,경기도 용인시 기흥구 한보라1로 63,경기도 용인시 기흥구 보라동 614,37.249507219999998,127.108215200000004,중학교,5248.152999999999338,0.000000000000000
정평초등학교,경기도 용인시 수지구 정평로 64,경기도 용인시 수지구 풍덕천동 1058,37.320831419999998,127.088508700000006,초등학교,13183.888000000000829,1.000000000000000
상하중학교,경기도 용인시 기흥구 중부대로746번길 16-29,경기도 용인시 기흥구 상하동 672,37.261596730000001,127.135675899999995,중학교,1823.988000000000056,0.000000000000000
매봉초등학교,경기도 용인시 수지구 수지로 75-1,경기도 용인시 수지구 상현동 1172,37.310031250000002,127.073325400000002,초등학교,4115.641999999999825,0.000000000000000
서천초등학교,경기도 용인시 기흥구 서그내로62번길 6,경기도 용인시 기흥구 서천동 282,37.243052530000000,127.072159600000006,초등학교,3300.697000000000116,0.000000000000000
동백중학교,경기도 용인시 기흥구 동백중앙로 385,경기도 용인시 기흥구 동백동 578,37.285582220000002,127.158910500000005,중학교,13635.893000000003667,0.000000000000000
성서중학교,경기도 용인시 수지구 성복1로 137,경기도 용인시 수지구 성복동 769,37.315195220000000,127.064327800000001,중학교,11537.628000000004249,0.000000000000000
나곡초등학교,경기도 용인시 기흥구 사은로126번길 26,경기도 용인시 기흥구 보라동 554,37.253775539999999,127.118934800000005,초등학교,12373.451999999999316,0.000000000000000
서천고등학교,경기도 용인시 기흥구 서천서로 126,경기도 용인시 기흥구 농서동 401,37.234105520000000,127.069475999999995,고등학교,6787.373999999998887,0.000000000000000
독정초등학교,경기도 용인시 기흥구 보정로 100,경기도 용인시 기흥구 보정동 1256,37.318869370000002,127.116275599999994,초등학교,6982.835999999999331,1.000000000000000
성서초등학교,경기도 용인시 수지구 성복2로 210,경기도 용인시 수지구 성복동 772,37.320443619999999,127.065042300000002,초등학교,6645.022999999999229,0.000000000000000
고림고등학교,경기도 용인시 처인구 고림로 165,경기도 용인시 처인구 고림동 650-1,37.247177469999997,127.219550400000003,고등학교,4167.194999999999709,0.000000000000000
청덕고등학교,경기도 용인시 기흥구 구성1로 21,경기도 용인시 기흥구 청덕동 524,37.292333679999999,127.143917000000002,고등학교,2564.239000000000033,0.000000000000000
처인고등학교,경기도 용인시 처인구 남사읍 한숲로 32,경기도 용인시 처인구 남사읍 아곡리 706,37.150948249999999,127.170563299999998,고등학교,148.788000000000011,1.000000000000000
새빛초등학교,경기도 용인시 수지구 광교마을로 63,경기도 용인시 수지구 상현동 1126,37.298993529999997,127.072421000000006,초등학교,6936.691000000000713,1.000000000000000
흥덕초등학교,경기도 용인시 기흥구 흥덕1로62번길 26,경기도 용인시 기흥구 영덕동 1011,37.272364869999997,127.071673599999997,초등학교,9588.188999999993030,2.000000000000000
용인성산초등학교,경기도 용인시 처인구 백옥대로1362번길 41,경기도 용인시 처인구 유방동 317-1,37.258660390000003,127.215804300000002,초등학교,3920.852000000001226,0.000000000000000
어정중학교,경기도 용인시 기흥구 동백죽전대로527번길 83,경기도 용인시 기흥구 중동 1103,37.280726540000003,127.145147800000004,중학교,13515.523000000004686,0.000000000000000
용천초등학교,경기도 용인시 처인구 이동읍 백옥대로 612,경기도 용인시 처인구 이동읍 천리 242-2,37.191850750000000,127.208417900000001,초등학교,1964.368999999999687,2.000000000000000
청덕초등학교,경기도 용인시 기흥구 구성1로 61,경기도 용인시 기흥구 청덕동 507,37.294396480000003,127.149257199999994,초등학교,5489.897000000000844,0.000000000000000
상현중학교,경기도 용인시 수지구 광교마을로 61,경기도 용인시 수지구 상현동 1098,37.299491590000002,127.070989900000001,중학교,7805.696999999999207,1.000000000000000
삼가초등학교,경기도 용인시 처인구 중부대로1158번길 45,경기도 용인시 처인구 삼가동 555,37.236711620000001,127.170491999999996,초등학교,3446.143999999999778,0.000000000000000
서농초등학교,경기도 용인시 기흥구 서천동로21번길 5,경기도 용인시 기흥구 서천동 794,37.239139320000000,127.076329000000001,초등학교,3062.911000000000058,2.000000000000000
중일초등학교,경기도 용인시 기흥구 동백죽전대로527번길 36,경기도 용인시 기흥구 중동 1098,37.285607570000003,127.143233499999994,초등학교,3743.308999999999287,0.000000000000000
청덕중학교,경기도 용인시 기흥구 구성1로 23,경기도 용인시 기흥구 청덕동 523,37.293182559999998,127.145161400000006,중학교,2615.492999999999938,0.000000000000000
남곡초등학교,경기도 용인시 처인구 남사면 한숲로 110,경기도 용인시 처인구 남사면 완장리 953,37.157836650000000,127.174832800000004,초등학교,2020.710000000000036,0.000000000000000
남곡초등학교남곡분교장,경기도 용인시 처인구 남사면 남산로 7,경기도 용인시 처인구 남사면 아곡리 506,37.140414860000000,127.166757300000000,초등학교,374.287999999999954,0.000000000000000
용인삼계고등학교,경기도 용인시 처인구 포곡읍 백옥대로1898번길 34-42,경기도 용인시 처인구 포곡읍 삼계리 673,37.294659510000002,127.240609899999995,고등학교,104.331999999999994,0.000000000000000
용인한얼초등학교,경기도 용인시 기흥구 기흥역로58번길 57,경기도 용인시 기흥구 구갈동 43-24,37.271093090000001,127.122319800000000,초등학교,4026.480000000000018,0.000000000000000
한숲중학교,경기도 용인시 처인구 남사면 한숲로 109,경기도 용인시 처인구 남사면 완장리 950,37.157767210000003,127.172977900000006,중학교,3151.560000000000855,0.000000000000000
함박초등학교,경기도 용인시 처인구 명지로40번길 46,경기도 용인시 처인구 역북동 737,37.233735090000003,127.184112600000006,초등학교,6044.154999999998836,0.000000000000000
용인대일초등학교,경기도 용인시 수지구 푸른솔로 98,경기도 용인시 수지구 죽전동 1247,37.328010710000001,127.118989099999993,초등학교,5395.864999999999782,0.000000000000000
능원초등학교,경기도 용인시 처인구 모현읍 충렬로8번길 29,경기도 용인시 처인구 모현읍 능원리 57,37.343193929999998,127.173826300000002,초등학교,3613.865999999999985,0.000000000000000
샘말초등학교,경기도 용인시 기흥구 흥덕중앙로105번길 9,경기도 용인시 기흥구 영덕동 962,37.277336920000003,127.078183899999999,초등학교,6036.719999999999345,0.000000000000000
동백초등학교,경기도 용인시 기흥구 동백평촌로 69,경기도 용인시 기흥구 동백동 658,37.280552059999998,127.156367500000002,초등학교,11516.110999999997148,0.000000000000000
청곡초등학교,경기도 용인시 기흥구 덕영대로2077번길 52,경기도 용인시 기흥구 영덕동 20,37.267493299999998,127.093382099999999,초등학교,9728.977999999999156,1.000000000000000
강남대학교,경기도?용인시?기흥구?강남로?40,,37.277488419999997,127.133237199999996,대학교,2493.804999999999836,0.000000000000000
경희대학교(국제캠퍼스),경기도 용인시 기흥구 덕영대로 1732,경기도 용인시 기흥구 하갈동 522,37.239800150000001,127.081198799999996,대학교,300.547000000000025,34.000000000000000
단국대학교,경기도?용인시?수지구 죽전로 152,,37.321193870000002,127.132535899999993,대학교,2418.527000000000044,0.000000000000000
루터대학교,경기도 용인시 기흥구 금화로82번길 20,,37.264434379999997,127.113373400000000,대학교,2155.069999999999709,0.000000000000000
명지대학교(자연캠퍼스),경기도 용인시 처인구 명지로 116,,37.221807259999999,127.190183700000006,대학교,1993.868000000000166,0.000000000000000
용인대학교,경기도 용인시 처인구 용인대학로 134,,37.227878879999999,127.170724300000003,대학교,2006.561999999999898,0.000000000000000
총신대학교(양지캠퍼스),경기도?용인시?처인구?양지면?학촌로 110,,37.248604919999998,127.300108499999993,대학원,0.000000000000000,2.000000000000000
칼빈대학교,경기도 용인시 기흥구 마북로 184,,37.305145930000002,127.128686400000007,대학교,7155.561000000000604,4.000000000000000
한국외국어대학교(글로벌캠퍼스),경기도 용인시 처인구 모현읍 외대로 81,경기도 용인시 처인구 모현읍 왕산리 산84-1,37.337738819999998,127.268589000000006,대학교,601.428999999999974,10.000000000000000
용인예술과학대학교,경기도 용인시 처인구 동부로 61,,37.229215330000002,127.218185199999994,전문대학,4145.502000000000407,0.000000000000000
온석대학원대학교,경기도 용인시 처인구 남사읍 아곡로 96번길 79,,37.161790590000003,127.163654600000001,대학원,0.000000000000000,0.000000000000000
웨스트민스터신학대학원대학교,경기도 용인시 기흥구 동백죽전대로 201-11,,37.259003559999996,127.158071399999997,대학원,194.858000000000004,0.000000000000000
경희사이버대학교 경기학습관,경기도 용인시 기흥구 덕영대로 1732,,37.239800150000001,127.081198799999996,원격대학,300.547000000000025,34.000000000000000
삼성전자공과대학교,경기도 용인시 기흥구 농서동 산24,,37.230168630000001,127.080360900000002,사내대학,31375.288000000000466,0.000000000000000
CGV 용인,경기도 용인시 처인구 금령로 86,김량장동 301-3,37.235085980000001,127.205815200000004,영화관,2092.998000000000502,8.000000000000000
롯데시네마 용인역북,경기도 용인시 처인구 중부대로 1294 더와이스퀘어,경기도 용인시 처인구 역북동 802,37.235473910000003,127.188304200000005,영화관,13944.083000000000538,1.000000000000000
CGV 기흥,경기도 용인시 기흥구 기흥로 58 기흥ICT밸리 SK V1 B동,경기도 용인시 기흥구 구갈동 681,37.280561859999999,127.117956199999995,영화관,12464.214999999998327,28.000000000000000
롯데시네마 용인기흥,경기도 용인시 기흥구 기흥역로 63,경기도 용인시 기흥구구갈동 234-3,37.274842769999999,127.118778500000005,영화관,9118.883000000001630,0.000000000000000
메가박스 용인테크노밸리,경기도 용인시 기흥구 구성로 357 용인테크노밸리 A동,경기도 용인시 기흥구 청덕동 556,37.291279050000000,127.148124300000006,영화관,6862.445999999999913,0.000000000000000
CGV 동백,경기도 용인시 기흥구 동백죽전대로 444 쥬네브 썬월드빌딩,경기도 용인시 기흥구 중동 833,37.277995959999998,127.151598399999997,영화관,4395.772999999999229,5.000000000000000
메가박스 용인기흥,경기도 용인시 기흥구 신고매로 59 리빙파워센터,경기도 용인시 기흥구 고매동 267-1,37.223415189999997,127.114248200000006,영화관,4690.932999999999993,12.000000000000000
한국민속촌 자동차극장,경기도 용인시 기흥구 민속촌로 93-1,경기도 용인시 기흥구 보라동 308-1,37.257408849999997,127.114321799999999,영화관,6056.118000000000393,5.000000000000000
CGV 광교상현,경기도 용인시 수지구 광교중앙로295번길 9,경기도 용인시 수지구 상현동 1116-4,37.296895499999998,127.068115399999996,영화관,11651.980999999997948,3.000000000000000
롯데시네마 수지,경기도 용인시 수지구 성복2로 38 롯데몰 수지점,경기도 용인시 수지구 성복동 61-7,37.312797590000002,127.081666900000002,영화관,17871.256000000001222,0.000000000000000
CGV 죽전,경기도 용인시 수지구 포은대로 536 신세계백화점,경기도 용인시 수지구 죽전동 1285,37.325002959999999,127.108105699999996,영화관,16844.353000000002794,6.000000000000000
